competition_id,mean,round_type_id,group_id,scramble_num,scramble,optimal_simtickcount,simtickcount_solution
MinervaOpen2022,15.2,d,C,1,UR5- DR2+ DL4- UL1+ U5+ R4+ D4+ L4- ALL6+ y2 U6+ R1+ D1+ L1+ ALL6+ DL UL,14,"UR(0,-1) DR(-1,0) UL(-1,1) D(-1,1) L(-4,-4) ur(-2,5) dl(0,1)"
MinervaOpen2022,15.2,d,C,2,UR6+ DR5- DL3- UL3- U5+ R2+ D1- L6+ ALL1+ y2 U1- R5- D5- L1+ ALL3+ DL UL,18,"DL(-3,0) UL(3,-3) U(1,1) R(-3,3) dr(0,1) dl(-5,5) ul(0,-1) /(-1,-1)"
MinervaOpen2022,15.2,d,C,3,UR4+ DR2- DL3+ UL6+ U2+ R6+ D4+ L2+ ALL2+ y2 U4- R0+ D2- L2- ALL2-,15,"DR(4,4) DL(1,0) D(2,-4) dr(2,-2) /(0,4)"
MinervaOpen2022,15.2,d,C,4,UR4+ DR3+ DL3- UL4+ U3- R6+ D2+ L3+ ALL3+ y2 U1+ R2+ D3+ L1+ ALL2+ UR DR,13,"UR(-1,0) UL(-4,4) D(-2,1) ur(-2,0) dr(0,1) dl(2,2) /(0,1)"
MinervaOpen2022,15.2,d,C,5,UR0+ DR3+ DL5+ UL0+ U2+ R4- D5- L5+ ALL6+ y2 U3- R4- D2- L1+ ALL3+ UR DL,16,"DR(0,-1) U(-2,1) R(1,-1) D(-3,-3) L(2,1) dl(-2,-3) ul(2,0) \(2,1)"
PribramCube2024,15.2,f,A,1,UR0+ DR4+ DL0+ UL3- U4+ R3- D2+ L4- ALL1+ y2 U2+ R1- D6+ L0+ ALL1+,18,"UR(0,-2) DR(-1,0) DL(-2,0) U(-1,-3) R(0,-1) D(-3,2) L(-3,3) dr(-3,-3)"
PribramCube2024,15.2,f,A,2,UR4- DR2- DL3- UL1+ U4+ R5+ D5+ L6+ ALL0+ y2 U2- R4- D4- L4- ALL5-,16,"DR(1,-1) DL(-1,0) UL(-1,-2) L(-2,-2) ur(0,-2) dl(2,-4) /(1,4)"
PribramCube2024,15.2,f,A,3,UR1- DR3+ DL6+ UL1- U3+ R3+ D5+ L2- ALL3+ y2 U3+ R3+ D1+ L0+ ALL2+,16,"UR(-1,-4) DR(-2,-2) R(-2,2) L(-3,-3) ur(-1,3) dl(1,1) /(1,0)"
PribramCube2024,15.2,f,A,4,UR5+ DR4- DL6+ UL2+ U4+ R0+ D5- L2+ ALL3+ y2 U3- R1+ D4+ L0+ ALL2+,14,"DR(1,0) DL(2,2) U(1,1) R(-2,1) ur(-4,-3) dr(2,3) ALL(-1,0)"
PribramCube2024,15.2,f,A,5,UR3+ DR1+ DL5+ UL2- U3- R1- D1- L1+ ALL3+ y2 U0+ R2+ D1- L1- ALL4+,12,"DL(-5,3) UL(1,1) U(1,0) R(-3,2) dr(0,-1) \(0,-1)"
CubingKnightsV2023,15.4,f,A,1,UR4+ DR5- DL4+ UL4- U4- R5+ D1+ L3+ ALL1- y2 U2+ R1- D6+ L4+ ALL3- UR DR DL,18,"UR(-4,4) UL(-3,-3) U(-1,2) R(0,-1) D(0,2) dr(3,4) /(2,0)"
CubingKnightsV2023,15.4,f,A,2,UR0+ DR3- DL5- UL2+ U4+ R6+ D1- L5- ALL3+ y2 U2+ R1+ D2+ L1- ALL6+ UR,14,"UR(-2,-2) DR(-1,0) UL(-3,-3) U(-1,1) D(-2,2) L(-1,-1) dl(0,1) /(-1,0) \(-2,0)"
CubingKnightsV2023,15.4,f,A,3,UR2- DR0+ DL5- UL6+ U5- R5+ D5- L2- ALL0+ y2 U2+ R5+ D2+ L5- ALL5+ UR DR,16,"DR(-2,-1) UL(1,0) R(-1,1) L(0,-5) dl(1,2) ul(0,2) \(-3,-2)"
CubingKnightsV2023,15.4,f,A,4,UR3- DR3- DL4- UL4+ U2+ R5- D4- L1+ ALL5+ y2 U3+ R3+ D1+ L4+ ALL1+ DR DL,16,"UR(-1,-1) DL(-1,0) U(-2,-2) L(0,1) dr(-1,3) ul(4,3) /(-4,-4)"
CubingKnightsV2023,15.4,f,A,5,UR3+ DR2+ DL1+ UL2+ U2+ R5+ D4- L2- ALL5- y2 U1- R1- D0+ L0+ ALL6+ DR DL UL,13,"DL(1,1) UL(-2,2) U(-5,0) R(2,0) ul(1,-1) /(-1,2)"
50YearsVallentuna2024,15.6,f,B,1,UR5+ DR3+ DL3- UL1+ U4+ R3- D1+ L3+ ALL1+ y2 U1- R4+ D1- L2- ALL4+,15,"UR(2,1) DL(-1,-1) R(5,4) ur(0,-1) dr(-1,-1) \(-5,2)"
50YearsVallentuna2024,15.6,f,B,2,UR1- DR5+ DL4+ UL5+ U0+ R0+ D6+ L5+ ALL5- y2 U0+ R3- D6+ L2- ALL3-,14,"UR(-1,1) DR(-3,3) UL(-2,0) U(-1,-1) dr(0,-2) dl(-2,-3) ALL(2,0)"
50YearsVallentuna2024,15.6,f,B,3,UR3+ DR1+ DL1+ UL1+ U5- R4- D2- L3- ALL4+ y2 U5+ R0+ D1- L5+ ALL4-,12,"U(1,0) L(1,1) ur(5,5) dr(1,-1) \(-4,0)"
50YearsVallentuna2024,15.6,f,B,4,UR2- DR1- DL2+ UL2- U3- R5- D4- L4- ALL6+ y2 U4+ R0+ D3+ L5+ ALL1+,20,"UR(-4,-4) DL(3,-2) UL(1,0) U(-2,2) ur(-3,4) dr(-1,1) ALL(-5,0)"
50YearsVallentuna2024,15.6,f,B,5,UR2+ DR5- DL5- UL1- U3- R4- D5+ L4+ ALL1- y2 U1+ R6+ D0+ L1+ ALL3+,17,"DR(2,2) DL(3,4) U(2,0) R(5,5) L(-1,1) ul(-1,1) /(-2,-2)"
IvreaBacktoSquareOne2024,15.6,c,B,1,UR1+ DR1+ DL1+ UL2- U2+ R1- D3- L5+ ALL2+ y2 U1+ R2- D1- L2+ ALL2+,10,"UR(-1,1) R(0,-2) D(1,1) L(-4,3) dr(-2,-1)"
IvreaBacktoSquareOne2024,15.6,c,B,2,UR1+ DR1- DL5- UL3- U1+ R5+ D2+ L0+ ALL0+ y2 U1+ R2- D4- L2+ ALL2-,20,"UR(-1,-1) DL(4,0) UL(2,0) U(0,-4) R(-4,-3) L(2,2) ul(-1,1) ALL(-2,0)"
IvreaBacktoSquareOne2024,15.6,c,B,3,UR0+ DR4+ DL5- UL3+ U2- R6+ D0+ L3+ ALL3+ y2 U3- R5- D5- L4- ALL0+,14,"DR(1,0) UL(-1,1) R(1,-1) ur(3,-3) dr(-1,-1) dl(-3,-4) \(0,3)"
IvreaBacktoSquareOne2024,15.6,c,B,4,UR4- DR1+ DL2- UL2+ U1+ R0+ D0+ L3- ALL2+ y2 U2+ R5- D5- L5+ ALL2+,16,"UR(1,-1) DL(1,0) U(0,-1) R(2,0) L(2,2) ur(-3,3) dl(1,-4) ul(0,-1) \(-1,1)"
IvreaBacktoSquareOne2024,15.6,c,B,5,UR4- DR3- DL2+ UL4+ U3- R0+ D1+ L5+ ALL0+ y2 U1+ R0+ D4- L3- ALL5-,18,"UR(3,2) R(4,0) L(1,0) ur(0,1) dr(-1,-4) /(3,0) \(0,2)"
CoosaCubingClash2025,15.8,1,A,1,UR2- DR3- DL3- UL2- U6+ R6+ D4- L2+ ALL4+ y2 U3- R1+ D3- L3- ALL6+,16,"UR(0,-1) UL(0,-1) U(-2,-3) R(-1,1) D(-2,-3) L(3,-3) /(-2,-2) ALL(0,-2)"
CoosaCubingClash2025,15.8,1,A,2,UR3+ DR2+ DL1+ UL1- U1- R4- D0+ L1- ALL4+ y2 U2- R2+ D2+ L2- ALL2+,11,"DR(-1,-1) UL(1,0) U(-2,2) R(0,2) D(-2,0) ur(0,-2) /(1,1)"
CoosaCubingClash2025,15.8,1,A,3,UR1+ DR2- DL5+ UL5+ U0+ R3+ D3- L0+ ALL2+ y2 U5+ R2+ D1+ L3+ ALL2+,17,"UL(2,2) U(4,1) R(-2,1) D(0,1) ur(1,3) ul(0,1) /(-4,4)"
CoosaCubingClash2025,15.8,1,A,4,UR4+ DR4- DL4- UL5- U3+ R5+ D4- L2- ALL1- y2 U1+ R3+ D0+ L4- ALL2+,17,"UR(-3,-5) U(1,0) R(-2,2) L(-1,-4) ul(0,1) \(1,-4)"
CoosaCubingClash2025,15.8,1,A,5,UR1+ DR5+ DL3+ UL5- U0+ R4+ D1+ L1+ ALL1+ y2 U3- R5- D5- L3- ALL1+,18,"UR(0,2) DR(2,2) DL(1,1) U(4,0) dr(2,-3) dl(0,-2) ul(4,-3)"
Cube4funLublinonWEII2024,15.8,f,A,1,UR5- DR4+ DL0+ UL4+ U3- R3+ D2+ L4- ALL4- y2 U6+ R4- D6+ L0+ ALL3-,20,"DR(-2,2) U(4,-2) D(-4,-5) L(0,1) ur(-1,-1) dl(-3,-4) \(-3,2)"
Cube4funLublinonWEII2024,15.8,f,A,2,UR4- DR1- DL3- UL5- U0+ R2+ D0+ L3- ALL5- y2 U3- R2- D1- L1- ALL5-,14,"DR(3,2) U(-3,-1) D(1,-1) L(-1,-1) dl(-1,0) ul(-1,-2) \(-3,3)"
Cube4funLublinonWEII2024,15.8,f,A,3,UR0+ DR2- DL2- UL1+ U5+ R5+ D6+ L3+ ALL3- y2 U1+ R3+ D1+ L1- ALL1-,13,"UL(-2,-1) U(-4,1) R(-3,3) D(-2,2) ur(-1,-1) /(-1,-1)"
Cube4funLublinonWEII2024,15.8,f,A,4,UR1- DR1+ DL1+ UL0+ U4+ R3+ D0+ L3- ALL1- y2 U1- R2- D1+ L0+ ALL0+,11,"UR(-1,1) DR(-2,-2) U(-2,1) L(2,-1) ur(1,1) ul(-1,-2) \(-1,0)"
Cube4funLublinonWEII2024,15.8,f,A,5,UR4+ DR2- DL4+ UL3- U2+ R2+ D0+ L2- ALL6+ y2 U6+ R0+ D5- L1+ ALL3-,21,"UR(-3,1) DR(-1,0) U(0,-5) D(-1,5) L(1,0) ur(1,1) \(2,-3) ALL(2,0)"
KaisaniemiCubing2025,15.8,2,B,1,UR0+ DR2+ DL2- UL4+ U1- R0+ D3- L3- ALL3- y2 U5- R2- D0+ L1+ ALL2-,13,"UR(-2,0) U(-1,-1) D(3,-3) L(1,0) dr(1,1) ul(2,-2) /(2,-2) \(0,-1)"
KaisaniemiCubing2025,15.8,2,B,2,UR5- DR3- DL5+ UL4+ U5+ R2- D4- L1+ ALL5+ y2 U1+ R1+ D2- L3- ALL1+,18,"UR(-2,-1) DR(0,-3) DL(2,-3) U(-2,-1) L(0,-2) dr(0,-1) ul(0,1) /(-4,-4)"
KaisaniemiCubing2025,15.8,2,B,3,UR5+ DR2- DL5- UL4+ U1+ R6+ D1+ L2- ALL3+ y2 U6+ R2- D4- L2- ALL5-,21,"DR(3,2) DL(1,0) UL(2,-3) U(0,-2) D(2,-4) ur(2,-2) dl(-1,-2) \(4,4)"
KaisaniemiCubing2025,15.8,2,B,4,UR4+ DR4+ DL1- UL1+ U3- R4- D2- L0+ ALL2+ y2 U4- R2- D0+ L2- ALL3+,10,"UR(-2,-1) DR(-1,-1) R(-1,0) ur(0,-2) ul(3,-2) ALL(0,1)"
KaisaniemiCubing2025,15.8,2,B,5,UR2- DR5+ DL5- UL2- U5+ R5- D5- L5- ALL2- y2 U2+ R2+ D3+ L2+ ALL4-,17,"UR(-1,0) DR(3,2) D(2,2) L(0,1) dr(-1,1) dl(0,2) /(-3,-3) ALL(4,0)"
MelbourneSummer2024,15.8,d,G,1,UR5+ DR5- DL2+ UL6+ U2+ R1+ D4+ L1+ ALL2+ y2 U2- R3- D2+ L1- ALL3-,15,"DR(-2,2) DL(1,2) U(-1,2) R(1,-1) L(2,-1) ul(3,-2) /(2,3)"
MelbourneSummer2024,15.8,d,G,2,UR5- DR5- DL6+ UL6+ U3+ R3+ D5+ L0+ ALL3+ y2 U5- R2+ D1+ L1+ ALL4+,17,"UR(-4,3) R(-1,1) D(6,6) dr(-1,1) ul(0,1) /(-4,3)"
MelbourneSummer2024,15.8,d,G,3,UR0+ DR4+ DL1- UL2+ U5+ R3- D4+ L3- ALL2+ y2 U1- R0+ D4+ L1+ ALL4+,18,"UR(-1,1) DL(2,-1) UL(-2,4) U(-4,4) D(3,-1) L(2,1) ALL(2,0)"
MelbourneSummer2024,15.8,d,G,4,UR1+ DR3- DL2- UL1- U1+ R3+ D4+ L2+ ALL6+ y2 U0+ R2+ D1+ L5- ALL1-,13,"UR(-1,1) DR(1,1) R(-1,1) L(1,-5) dl(2,1) \(-2,-2) ALL(1,0)"
MelbourneSummer2024,15.8,d,G,5,UR1+ DR3+ DL4- UL1+ U4- R5- D5+ L1+ ALL5+ y2 U0+ R1- D3- L4+ ALL4+,16,"UR(2,-2) DR(-1,1) D(-3,3) L(2,-3) ur(-3,-3) dr(0,-2) dl(0,-1) ALL(0,-1)"
SouthGermany2025,15.8,d,B,1,UR2+ DR0+ DL0+ UL2- U3+ R1- D2+ L5+ ALL2- y2 U1+ R3+ D2+ L1+ ALL6+,14,"UR(-1,0) DL(-2,1) U(-2,0) L(-1,1) dr(-1,0) dl(0,2) ul(0,1) ALL(0,-4)"
SouthGermany2025,15.8,d,B,2,UR2+ DR1+ DL4- UL5+ U5+ R0+ D1- L0+ ALL0+ y2 U2- R6+ D0+ L3+ ALL1-,20,"UR(0,2) DL(4,4) R(-3,-4) L(-5,3) ul(-2,-2) \(-2,3)"
SouthGermany2025,15.8,d,B,3,UR5+ DR2- DL3- UL0+ U3+ R1+ D5+ L4- ALL4- y2 U1+ R2+ D4+ L4- ALL3-,16,"UR(-4,-2) UL(-1,0) U(-3,3) L(-4,-4) dl(1,1) ul(-2,1) ALL(0,1)"
SouthGermany2025,15.8,d,B,4,UR1- DR6+ DL3- UL1+ U2- R4+ D2- L4+ ALL5- y2 U1+ R1+ D0+ L1- ALL2+,15,"UR(2,-2) R(1,-1) D(-1,1) L(-2,1) dr(-3,-2) dl(0,2) \(1,4)"
SouthGermany2025,15.8,d,B,5,UR1+ DR3- DL2+ UL0+ U5+ R4+ D1- L5- ALL3- y2 U1+ R1+ D2+ L2+ ALL2-,14,"UR(-3,3) DR(1,0) DL(1,-1) U(-3,0) L(2,0) ur(1,1) dr(1,1) dl(0,1) \(0,-1)"
SpokaneSummer2023,15.8,f,A,1,UR5- DR2- DL2+ UL2- U3+ R6+ D0+ L1+ ALL1- y2 U0+ R4+ D0+ L6+ ALL0+ DR UL,17,"UR(3,2) UL(1,-1) R(-2,4) L(-2,6) dl(-2,0) \(0,-1)"
SpokaneSummer2023,15.8,f,A,2,UR2- DR2- DL2+ UL3- U2+ R2+ D3+ L6+ ALL1- y2 U1+ R0+ D5+ L1- ALL3- UR DR DL UL,16,"UR(2,0) DR(0,-1) DL(-2,0) U(1,3) D(-1,1) L(-3,-3) dr(-2,2) ALL(-2,0)"
SpokaneSummer2023,15.8,f,A,3,UR2- DR4- DL1- UL3+ U1- R3+ D1+ L1- ALL0+ y2 U3- R3- D2+ L2+ ALL0+ UR DL UL,12,"DR(3,1) DL(1,-2) L(-2,0) dr(-1,2) ul(1,-3)"
SpokaneSummer2023,15.8,f,A,4,UR4+ DR1- DL4+ UL3- U4+ R2+ D1+ L4- ALL5- y2 U3- R5+ D1+ L1- ALL2+ UR DR DL UL,21,"UL(4,-2) U(3,1) R(-5,5) D(-4,-3) L(-1,-1) /(1,4)"
SpokaneSummer2023,15.8,f,A,5,UR1- DR1- DL1- UL3+ U2+ R0+ D3+ L0+ ALL5- y2 U0+ R3- D0+ L0+ ALL0+ UR DR,13,"DR(-1,2) UL(-2,-1) U(-2,0) R(3,-3) \(-1,-1) ALL(3,0)"
ANewYearinAuckland2024,16.0,d,C,1,UR1- DR6+ DL3- UL1- U5- R6+ D3- L6+ ALL4- y2 U3+ R4- D3- L1- ALL3-,16,"UL(-2,2) U(-3,-4) R(1,3) dr(0,-1) dl(0,2) ul(3,3) /(0,-1)"
ANewYearinAuckland2024,16.0,d,C,2,UR2+ DR3+ DL3+ UL3+ U2- R1+ D3+ L4+ ALL5+ y2 U1+ R6+ D4- L0+ ALL6+,17,"UR(-3,3) DL(2,0) R(-3,-3) D(1,0) ur(0,2) dr(2,-2) dl(1,-2) ul(1,-1) ALL(1,0)"
ANewYearinAuckland2024,16.0,d,C,3,UR4+ DR4- DL0+ UL1- U5- R0+ D4+ L0+ ALL4- y2 U6+ R4- D5- L4+ ALL4+,17,"UL(1,2) U(1,1) ur(-2,-2) dr(6,6) ul(-2,-4) /(2,2)"
ANewYearinAuckland2024,16.0,d,C,4,UR3- DR1+ DL5+ UL1+ U4+ R6+ D6+ L6+ ALL3+ y2 U0+ R4- D1+ L4+ ALL6+,13,"UR(-2,-2) R(-2,-2) L(0,1) ur(-2,2) dr(-1,1) ul(2,-2) /(0,-3)"
ANewYearinAuckland2024,16.0,d,C,5,UR4+ DR5- DL4- UL4+ U3- R4+ D4+ L3+ ALL4- y2 U0+ R1+ D3- L4- ALL5-,17,"UR(-2,-2) DL(2,2) UL(-3,3) R(-1,1) D(3,0) L(-2,-1) dr(0,-3) \(0,1)"
AdelaideSummer2026,16.0,c,C,1,UR0+ DR3- DL4- UL1- U3+ R4+ D3- L1- ALL3- y2 U1+ R3- D2- L2- ALL2-,14,"UR(-1,1) DL(-2,-1) UL(-1,-1) R(0,-1) L(-3,-3) ur(2,1) dl(0,-2) \(1,-2)"
AdelaideSummer2026,16.0,c,C,2,UR5- DR4- DL3+ UL4- U6+ R2- D2- L3- ALL0+ y2 U1+ R2+ D3+ L3- ALL4-,17,"DL(3,0) U(3,3) R(-1,1) L(1,-3) ur(-1,0) ul(-1,1) \(-5,-3)"
AdelaideSummer2026,16.0,c,C,3,UR0+ DR1+ DL4+ UL4- U5- R6+ D3+ L4+ ALL6+ y2 U3- R3+ D5+ L4- ALL1-,22,"UR(1,-1) DR(4,-5) UL(-4,-4) U(0,2) L(0,-1) ur(-2,-3) dl(0,3) \(-2,-3)"
AdelaideSummer2026,16.0,c,C,4,UR4+ DR3+ DL3+ UL0+ U2+ R2- D6+ L6+ ALL5+ y2 U0+ R0+ D3- L1+ ALL5+,12,"UR(-5,4) U(-1,-1) L(3,3) dr(-1,-2) /(1,-1)"
AdelaideSummer2026,16.0,c,C,5,UR2- DR2- DL2- UL5- U4+ R3+ D5+ L5+ ALL0+ y2 U1- R3- D4+ L4+ ALL1+,15,"UR(1,-1) DR(0,2) UL(2,2) D(-1,2) dr(4,4) ul(0,-3) /(0,-1)"
BarbyCube732017,16.0,c,A,1,UR3+ DR2- DL4+ UL5- U1- R2- D2- L4+ ALL6+ y2 U4+ R2- D2- L4+ ALL5+,18,"UR(1,0) UL(2,1) D(0,2) L(-5,2) ur(-2,2) dl(2,-2) /(-3,4)"
BarbyCube732017,16.0,c,A,2,UR3+ DR4+ DL4+ UL6+ U5+ R3+ D2- L2- ALL4- y2 U3- R6+ D2- L4+ ALL4- UR DR DL,19,"UR(-2,1) DR(4,2) D(2,0) L(4,3) ur(1,1) dl(2,-2) ul(-4,-4)"
BarbyCube732017,16.0,c,A,3,UR0+ DR6+ DL6+ UL2+ U2- R6+ D2- L3+ ALL3+ y2 U4- R4- D2- L2- ALL4+ DL,13,"UR(0,-3) DL(2,1) L(-1,0) dr(-2,-2) ul(4,-4) \(-1,0)"
BarbyCube732017,16.0,c,A,4,UR0+ DR5+ DL5- UL3+ U4- R6+ D1- L2- ALL2- y2 U5- R1- D2- L5- ALL2- DR DL,15,"UR(1,0) DL(1,0) L(3,1) ur(-1,-4) dr(-1,-2) ul(0,-1) \(-3,3)"
BarbyCube732017,16.0,c,A,5,UR2- DR2+ DL4- UL6+ U1- R2+ D4- L1+ ALL3- y2 U5+ R3+ D3+ L3+ ALL3- DR DL UL,15,"DR(-3,2) UL(-3,0) R(1,1) D(-3,3) ur(-2,2) dr(1,1) dl(0,2)"
BatamOpen2018,16.0,d,D,1,UR1+ DR6+ DL2- UL6+ U3+ R1+ D0+ L3+ ALL3- y2 U1- R2- D1+ L1- ALL1- UR DR DL UL,16,"UR(0,1) DR(4,-3) DL(4,0) UL(1,0) U(1,1) R(0,-2) ur(1,-1) /(-2,0)"
BatamOpen2018,16.0,d,D,2,UR1+ DR4+ DL1+ UL1- U6+ R3+ D3- L1- ALL1+ y2 U5- R1+ D2+ L4+ ALL0+ UR DR DL,19,"UR(-5,-5) DR(-3,-2) DL(1,0) U(-1,1) D(0,3) ur(-4,4) dl(0,1) /(1,0)"
BatamOpen2018,16.0,d,D,3,UR5+ DR6+ DL3- UL4- U4+ R5+ D1- L5+ ALL5- y2 U1- R2+ D2+ L1+ ALL3- UR DR UL,17,"UR(-4,-1) DL(2,1) U(-1,1) D(-4,-3) dr(0,1) ul(-3,2) /(-2,0)"
BatamOpen2018,16.0,d,D,4,UR4- DR3+ DL6+ UL3+ U3+ R1+ D2+ L3+ ALL5- y2 U3- R2- D2+ L0+ ALL3+ DL UL,15,"DL(1,0) UL(-1,2) U(-1,1) dl(0,1) ul(2,-3) /(-1,-4) ALL(0,3)"
BatamOpen2018,16.0,d,D,5,UR0+ DR6+ DL1- UL1+ U3- R4+ D5+ L1+ ALL1+ y2 U4- R6+ D2- L1- ALL2+ DL UL,13,"DR(2,-2) U(2,-2) R(0,-2) L(-1,-1) ur(-1,0) ul(-3,-4) /(-1,0)"
Cube4funinBelchatow2024,16.0,2,B,1,UR5+ DR4+ DL2- UL4+ U0+ R1- D5- L2- ALL4+ y2 U6+ R2- D1+ L0+ ALL6+,15,"UR(3,3) DR(1,-1) D(2,-3) dl(0,1) ul(3,-3) \(-4,2)"
Cube4funinBelchatow2024,16.0,2,B,2,UR2+ DR1- DL2+ UL0+ U2+ R3- D5- L2- ALL2+ y2 U3- R3+ D6+ L1+ ALL0+,15,"U(-4,5) R(2,3) D(4,-3) dr(0,1) /(0,1) \(1,0)"
Cube4funinBelchatow2024,16.0,2,B,3,UR4- DR1+ DL3+ UL1+ U6+ R2+ D1- L1+ ALL5- y2 U2+ R5+ D1+ L3+ ALL1-,17,"UR(0,1) DR(-1,0) DL(-2,0) UL(-3,3) R(2,5) ur(2,2) dr(0,1) /(-2,-2)"
Cube4funinBelchatow2024,16.0,2,B,4,UR2- DR2+ DL2+ UL3+ U4- R4+ D4- L3- ALL5- y2 U4- R2- D1+ L3+ ALL3+,18,"UR(3,1) R(5,-2) D(0,-4) L(-2,2) dr(0,1) \(1,3)"
Cube4funinBelchatow2024,16.0,2,B,5,UR4+ DR1+ DL0+ UL0+ U3- R0+ D3- L2- ALL1- y2 U1- R3+ D2+ L0+ ALL2+,15,"UR(-2,2) UL(1,1) R(-3,2) D(2,0) L(1,0) dl(2,2) ul(0,-1) ALL(3,0)"
FinnishChampionship2018,16.0,f,A,1,UR4- DR3+ DL1- UL2+ U2+ R2+ D4- L3- ALL1- y2 U6+ R0+ D2- L1+ ALL2- DR DL,12,"DR(-1,0) DL(2,-2) D(1,3) ur(0,3) dr(2,-2) /(0,1)"
FinnishChampionship2018,16.0,f,A,2,UR0+ DR4- DL1- UL4- U3- R1- D3+ L3- ALL2- y2 U4- R5- D2- L0+ ALL3- DR,18,"UR(0,-1) DR(2,0) UL(-4,-5) U(-1,-2) R(3,-1) ul(3,-4) ALL(0,-1)"
FinnishChampionship2018,16.0,f,A,3,UR2+ DR3+ DL6+ UL4+ U4+ R3+ D3+ L4- ALL5+ y2 U2- R0+ D0+ L3- ALL1- DR,16,"UR(4,4) UL(-2,1) L(-4,-1) ur(-2,-2) /(2,4)"
FinnishChampionship2018,16.0,f,A,4,UR4- DR1- DL3- UL4+ U5+ R5- D5- L1- ALL3+ y2 U2- R0+ D2+ L2+ ALL5- DR UL,16,"UR(-1,1) DR(-1,1) DL(0,-1) U(-4,0) D(-2,-2) dr(3,2) /(0,-4)"
FinnishChampionship2018,16.0,f,A,5,UR5- DR2+ DL2- UL1- U2- R0+ D5+ L5+ ALL5+ y2 U2+ R4+ D0+ L2+ ALL5- UR DL,18,"DR(-2,-2) DL(-1,-1) UL(-1,0) U(-3,0) R(5,4) D(-2,0) ur(-1,2) \(-2,0)"
GermanOpen2014,16.0,f,A,1,UR5+ DR1+ DL2- UL2+ U1- R4- D4+ L5+ ALL2+ y2 U1- R0+ D2+ L1- ALL4+ UR DR DL UL,13,"UR(-2,-2) DL(-3,4) UL(-2,1) U(-2,2) ur(-1,-1) \(-2,0)"
GermanOpen2014,16.0,f,A,2,UR0+ DR1+ DL0+ UL1+ U3- R2+ D1- L4- ALL4+ y2 U1+ R4- D2+ L2+ ALL3+ DL UL,12,"DL(1,1) UL(2,2) U(0,1) R(-3,-3) D(-1,1) dr(2,2) dl(-1,-1) \(0,1)"
GermanOpen2014,16.0,f,A,3,UR0+ DR2+ DL3- UL1- U2+ R5- D5+ L5+ ALL4+ y2 U4- R1- D4+ L1- ALL5- DR DL,18,"DR(0,-1) DL(-1,0) U(-1,2) R(3,-3) D(-3,-3) ur(1,-1) dl(2,2) ul(2,0) /(0,-3)"
GermanOpen2014,16.0,f,A,4,UR2- DR1- DL1- UL4- U6+ R5+ D3+ L3+ ALL1- y2 U5- R5- D2+ L3+ ALL2- UR UL,16,"DR(-2,-2) DL(1,-2) L(1,1) dr(5,2) ul(-1,-5) ALL(0,-1)"
GermanOpen2014,16.0,f,A,5,UR4- DR2- DL4- UL2+ U4+ R0+ D3+ L2- ALL1+ y2 U4- R6+ D4- L5- ALL1- UR DL UL,21,"UR(-2,0) DR(-1,-2) DL(4,4) R(-3,-3) ur(-1,-1) dr(0,-4) ul(4,-3) /(1,1)"
IndianNationals2016,16.0,d,C,1,UR1+ DR6+ DL3+ UL2+ U0+ R1- D5- L0+ ALL3+ y2 U1+ R4+ D1- L1- ALL1- DL UL,15,"DR(-3,-2) DL(-1,-1) UL(-3,0) R(-3,3) L(-1,0) dr(0,-1) ul(0,1) /(2,2)"
IndianNationals2016,16.0,d,C,2,UR4+ DR0+ DL2+ UL4- U0+ R1- D2+ L1- ALL3+ y2 U4+ R0+ D3+ L4+ ALL0+ DR DL,15,"UR(-2,0) UL(2,2) R(-1,0) D(-4,4) L(1,1) dr(-3,3) \(2,1)"
IndianNationals2016,16.0,d,C,3,UR2- DR2+ DL0+ UL3+ U4- R5- D3- L2- ALL6+ y2 U6+ R2+ D0+ L2+ ALL1+ DR,16,"UR(3,-1) DR(0,1) R(2,2) D(1,4) L(-1,0) ur(-2,2) /(2,3)"
IndianNationals2016,16.0,d,C,4,UR1- DR2- DL1- UL0+ U1- R5+ D6+ L3+ ALL5- y2 U5+ R1- D3- L3- ALL3- UR DR UL,16,"UL(-1,-1) U(3,-3) R(-2,-1) D(-3,5) L(-1,-3) /(0,-1) \(0,-1)"
IndianNationals2016,16.0,d,C,5,UR5- DR5- DL5+ UL1+ U1- R3+ D1+ L5+ ALL3- y2 U2- R0+ D2+ L1+ ALL5+ UR DR DL UL,18,"UR(5,5) DR(2,2) D(-3,-2) L(1,-1) dr(-1,2) ul(-1,0) ALL(-4,0)"
KharkivSpecial2016,16.0,d,B,1,UR6+ DR3- DL0+ UL4+ U5- R3- D4+ L2+ ALL2+ y2 U5+ R1+ D0+ L3- ALL1+ DR UL,16,"UR(-1,0) UL(-4,-3) R(1,1) D(-1,-2) L(-2,2) ur(0,-5) ALL(0,-1)"
KharkivSpecial2016,16.0,d,B,2,UR4+ DR2- DL5- UL4+ U1- R5- D6+ L2+ ALL1- y2 U4- R0+ D3+ L1+ ALL0+ UL,15,"UR(3,0) U(2,0) D(1,-1) L(-1,1) dl(-3,3) ul(-3,-3) /(0,-1) \(-1,1)"
KharkivSpecial2016,16.0,d,B,3,UR3+ DR6+ DL2+ UL1- U0+ R2- D5- L1+ ALL2+ y2 U2- R5- D0+ L2+ ALL5+ DL UL,17,"UR(-2,2) DR(-3,-3) DL(0,1) R(-2,-3) L(-2,2) ul(3,-2) ALL(0,3)"
KharkivSpecial2016,16.0,d,B,4,UR3- DR6+ DL4- UL2+ U2- R4- D3- L1- ALL6+ y2 U3+ R3+ D2+ L2- ALL0+ DR DL UL,16,"UR(0,-1) DR(1,-1) UL(3,-4) U(0,2) L(0,-2) ul(2,3) /(-3,-3)"
KharkivSpecial2016,16.0,d,B,5,UR3+ DR2- DL2- UL3- U2- R1+ D6+ L5+ ALL2- y2 U4- R3- D3- L0+ ALL2+,16,"DR(-2,0) UL(2,-2) U(0,-1) L(-2,3) ur(-2,-3) dl(2,-2) ul(0,-1) /(-2,-2)"
MinnesotaCubeDays2020,16.0,d,B,1,UR1- DR4+ DL3- UL4- U4+ R0+ D2- L4- ALL5+ y2 U2+ R3+ D2+ L1- ALL6+ DL,13,"DR(-3,-3) U(1,0) D(4,1) L(-1,-1) dl(0,2) ul(1,1) \(-1,0)"
MinnesotaCubeDays2020,16.0,d,B,2,UR2+ DR0+ DL5- UL4- U2+ R5- D4- L1- ALL1+ y2 U5+ R0+ D2+ L5+ ALL5+ UR DR DL UL,19,"DR(3,3) DL(-2,2) D(-4,2) ur(2,3) dr(0,2) \(3,5)"
MinnesotaCubeDays2020,16.0,d,B,3,UR2+ DR0+ DL0+ UL1- U1- R2- D2+ L3+ ALL2- y2 U2- R4- D1+ L0+ ALL4- UR UL,13,"DR(-2,-2) R(2,-3) L(-2,0) dl(1,1) ul(-1,-2) \(1,-1) ALL(0,-2)"
MinnesotaCubeDays2020,16.0,d,B,4,UR2+ DR6+ DL2- UL2- U3+ R4+ D4+ L3+ ALL5+ y2 U3- R1- D2+ L0+ ALL2+ DL UL,16,"UR(-2,-2) DR(2,-2) UL(1,-4) U(-2,2) D(2,-2) ul(0,-1) ALL(0,-3)"
MinnesotaCubeDays2020,16.0,d,B,5,UR6+ DR2- DL0+ UL4+ U3- R4- D4+ L1- ALL1+ y2 U3+ R4- D2+ L6+ ALL1- DL,19,"DL(-2,0) U(5,3) L(-1,0) ur(-3,-5) dr(-1,-1) ul(-4,-4) /(1,1)"
AutotaloAnimeAdventureIII2024,16.2,d,B,1,UR4+ DR4+ DL2- UL4+ U3+ R6+ D4- L1+ ALL1+ y2 U1- R0+ D1+ L0+ ALL4-,16,"DL(2,2) U(1,1) R(-2,0) L(-5,1) ur(-1,-1) /(0,1) \(0,4)"
AutotaloAnimeAdventureIII2024,16.2,d,B,2,UR1- DR4+ DL4- UL2+ U6+ R1- D1+ L1+ ALL3- y2 U2+ R2+ D2- L1+ ALL0+,15,"DR(-2,2) UL(1,1) U(4,-4) D(1,1) ur(0,1) dl(2,2) /(1,-2) ALL(0,2)"
AutotaloAnimeAdventureIII2024,16.2,d,B,3,UR0+ DR0+ DL5- UL1+ U1- R2- D5- L3- ALL1+ y2 U0+ R0+ D6+ L5+ ALL3+,18,"UR(0,1) DR(2,2) DL(-4,-2) L(-1,-1) dr(3,6) \(2,-4)"
AutotaloAnimeAdventureIII2024,16.2,d,B,4,UR2+ DR1- DL1+ UL3+ U2- R1- D1+ L1+ ALL0+ y2 U1+ R5+ D1- L6+ ALL0+,16,"DL(-1,2) UL(-3,-2) R(0,4) L(-1,-5) dr(1,-1) ul(0,1)"
AutotaloAnimeAdventureIII2024,16.2,d,B,5,UR5- DR3- DL6+ UL6+ U0+ R3+ D2- L1- ALL5- y2 U0+ R4+ D3+ L0+ ALL3+,16,"UR(-1,1) DR(-2,-1) DL(1,-1) R(-4,1) dl(-2,3) \(-3,-5)"
BadenSideEvents2023,16.2,2,A,1,UR4+ DR4+ DL5+ UL5- U0+ R5+ D2+ L1+ ALL5- y2 U1- R0+ D4- L0+ ALL2+ DL,16,"DR(-1,-1) UL(1,-1) D(2,-2) L(-2,3) dr(-3,-3) dl(0,-1) ul(0,1) \(4,1)"
BadenSideEvents2023,16.2,2,A,2,UR1+ DR6+ DL5+ UL5- U6+ R6+ D0+ L1+ ALL2+ y2 U1+ R3- D3- L2+ ALL6+ UL,14,"UR(-1,-1) UL(-1,0) D(1,-1) ur(1,2) dl(0,-3) \(2,6)"
BadenSideEvents2023,16.2,2,A,3,UR5+ DR3- DL2- UL4+ U5- R2- D5- L1- ALL4- y2 U0+ R3+ D5- L1+ ALL0+ UR DR UL,18,"UL(-1,0) U(-3,1) D(-2,2) ur(1,-2) dr(3,3) dl(3,3) ALL(0,4)"
BadenSideEvents2023,16.2,2,A,4,UR2- DR2- DL6+ UL1- U4+ R1+ D1- L5- ALL4+ y2 U4- R0+ D3+ L0+ ALL1- DR,17,"DL(1,1) UL(-1,0) R(3,-3) D(-4,-4) dl(-1,3) /(-2,-2) ALL(0,3)"
BadenSideEvents2023,16.2,2,A,5,UR5+ DR4+ DL4+ UL2+ U3- R2- D2+ L3- ALL4- y2 U1- R2+ D1+ L0+ ALL5+ UR UL,16,"DR(2,-2) UL(-4,-4) R(3,2) L(1,0) ur(0,-1) dr(1,1) \(4,-1)"
BangkokBigTimeinFarm2023,16.2,2,B,1,UR4+ DR2- DL5- UL4+ U3- R4- D4- L5+ ALL4- y2 U1+ R3- D1- L0+ ALL1- UL,18,"UR(-3,4) DR(2,2) DL(-2,1) UL(-2,0) R(3,-2) D(-1,1) dl(0,-1) ALL(0,3)"
BangkokBigTimeinFarm2023,16.2,2,B,2,UR6+ DR5+ DL4+ UL5+ U1+ R1+ D3+ L2+ ALL6+ y2 U3- R1- D1+ L5- ALL4- UR DL UL,14,"U(0,1) R(0,-1) L(1,-2) ur(-1,-3) dl(-2,0) /(5,5)"
BangkokBigTimeinFarm2023,16.2,2,B,3,UR6+ DR2- DL6+ UL6+ U0+ R4- D6+ L4+ ALL4- y2 U4+ R1+ D0+ L0+ ALL3+ DR DL,15,"DR(0,-2) D(2,1) L(-4,-2) ur(-2,2) ul(1,1) /(-3,-4)"
BangkokBigTimeinFarm2023,16.2,2,B,4,UR6+ DR0+ DL6+ UL5- U1- R5- D6+ L5- ALL4- y2 U4+ R3- D3- L1+ ALL1- DR DL UL,17,"DR(-1,0) UL(2,2) U(-2,0) D(1,1) L(2,-2) ur(3,3) dl(-3,-3) \(0,-3)"
BangkokBigTimeinFarm2023,16.2,2,B,5,UR5- DR0+ DL2+ UL2+ U5+ R5+ D5- L5- ALL3+ y2 U4+ R4- D2- L1+ ALL2-,17,"DL(1,-1) U(-2,1) D(2,4) ur(0,1) dl(-3,-3) ul(-1,-1) /(1,0) ALL(0,-4)"
BrownFallSeongnam2024,16.2,d,F,1,UR1+ DR2+ DL2+ UL3- U1+ R1- D4- L3+ ALL2- y2 U3+ R3- D3- L0+ ALL2-,12,"DR(-2,-3) U(1,-1) R(0,-1) D(2,2) L(-2,-1) ur(0,1) dl(2,-2)"
BrownFallSeongnam2024,16.2,d,F,2,UR2+ DR3+ DL1- UL2- U4+ R3+ D6+ L3+ ALL6+ y2 U4- R1+ D6+ L2- ALL5+,19,"DR(4,-4) UL(0,-3) U(-4,3) ur(2,-2) dl(0,3) ul(-2,-2) ALL(0,-1)"
BrownFallSeongnam2024,16.2,d,F,3,UR0+ DR1+ DL3- UL0+ U3- R4+ D3+ L0+ ALL1- y2 U5- R3- D1- L5+ ALL0+,18,"UR(3,-4) R(4,-3) D(-1,-1) L(3,-2) ur(2,-4) dr(0,-1) /(0,-1)"
BrownFallSeongnam2024,16.2,d,F,4,UR3- DR5+ DL2+ UL3- U2+ R4- D6+ L0+ ALL5+ y2 U1- R1- D2+ L4- ALL5+,14,"UR(2,1) DL(-1,-1) UL(4,4) U(-2,2) L(-2,-4) ul(1,-1)"
BrownFallSeongnam2024,16.2,d,F,5,UR5+ DR3+ DL0+ UL2+ U5- R2- D4- L5- ALL3- y2 U2- R6+ D3+ L5- ALL5+,18,"UR(-2,2) DL(1,1) UL(0,1) R(-4,3) L(2,-3) ur(0,-2) dl(-2,3) /(2,2)"
ClockMastersBogota2024,16.2,1,B,1,UR5+ DR5+ DL1+ UL3+ U2+ R3+ D5+ L5+ ALL0+ y2 U2- R1+ D2- L2- ALL3-,14,"DL(1,3) UL(2,0) R(-1,3) dr(2,-2) ul(2,-2) /(1,2)"
ClockMastersBogota2024,16.2,1,B,2,UR2- DR1+ DL5+ UL1+ U4+ R4+ D4- L0+ ALL5+ y2 U1- R3+ D5- L2- ALL6+,18,"UR(-1,-1) DL(-1,0) UL(-2,2) R(-2,-4) D(-1,-1) L(-3,-2) dl(-3,-5) /(-1,0)"
ClockMastersBogota2024,16.2,1,B,3,UR4- DR0+ DL2+ UL0+ U4+ R5+ D5- L5- ALL1+ y2 U1- R4- D1+ L1- ALL1-,16,"UR(0,3) DL(3,5) U(0,1) R(-1,-4) ur(0,-1) /(0,2)"
ClockMastersBogota2024,16.2,1,B,4,UR1- DR0+ DL3- UL2- U1+ R2+ D3+ L1- ALL1- y2 U1- R2+ D2- L2+ ALL2+,14,"UL(2,0) U(0,-2) R(-1,2) L(4,3) ur(-1,-1) \(-2,0) ALL(0,1)"
ClockMastersBogota2024,16.2,1,B,5,UR0+ DR1- DL3- UL3- U4+ R2- D1+ L1+ ALL2- y2 U2+ R5+ D0+ L5+ ALL5+,19,"UR(-1,-1) DR(1,-1) DL(2,-1) R(3,3) L(3,5) ul(0,2) ALL(-3,-2)"
FountainCity2023,16.2,1,B,1,UR6+ DR3+ DL1- UL3- U1+ R5- D3- L6+ ALL3+ y2 U4+ R2+ D1- L2- ALL5+ DR DL,18,"UR(-4,0) DL(-1,2) D(2,4) L(-1,1) dr(-3,-3) dl(0,2) ALL(0,2)"
FountainCity2023,16.2,1,B,2,UR6+ DR2+ DL1- UL3- U2- R4+ D2- L5- ALL5- y2 U1+ R5+ D3+ L3- ALL6+ DR DL,14,"UR(-1,-1) DR(1,-1) L(-3,-2) ur(2,-1) dl(3,3) ul(3,2) \(1,0)"
FountainCity2023,16.2,1,B,3,UR3+ DR4+ DL1- UL5- U1+ R2+ D3+ L5- ALL3- y2 U2- R1+ D1+ L3- ALL0+ UR DR,15,"DR(3,0) DL(1,1) UL(1,-1) D(2,-2) L(-3,-3) dl(1,1) /(-4,1)"
FountainCity2023,16.2,1,B,4,UR0+ DR3- DL1+ UL5- U1+ R5- D4- L6+ ALL3+ y2 U2+ R2- D5- L0+ ALL3- DR DL,18,"DR(-2,0) DL(-2,1) U(4,-5) R(-2,-2) D(-2,2) /(-2,-1) \(0,-3)"
FountainCity2023,16.2,1,B,5,UR6+ DR1+ DL4- UL3+ U1+ R5+ D3+ L4- ALL2+ y2 U0+ R3- D4- L2- ALL6+ UR,16,"UL(2,-3) L(3,-1) dr(2,-1) dl(1,-3) /(3,5)"
GladsaxeMidsommer2025,16.2,f,B,1,UR2+ DR1+ DL2+ UL0+ U4+ R4- D6+ L0+ ALL1+ y2 U4+ R4+ D6+ L2+ ALL0+,17,"UR(-1,1) DR(2,2) UL(-2,2) U(-3,4) D(1,0) dr(0,2) ul(3,4) /(0,1)"
GladsaxeMidsommer2025,16.2,f,B,2,UR2- DR6+ DL5- UL4- U0+ R3+ D5+ L4- ALL3+ y2 U4+ R1+ D3+ L1- ALL5+,18,"UR(3,-4) DR(2,-1) DL(1,1) U(3,3) D(3,3) L(0,-1) ul(-2,1) \(0,-2)"
GladsaxeMidsommer2025,16.2,f,B,3,UR3+ DR2+ DL0+ UL2+ U6+ R4- D1- L1- ALL4+ y2 U4- R1+ D2+ L5+ ALL1+,14,"UR(0,-1) DR(-1,1) U(1,1) L(-1,-3) ur(2,-4) dl(-1,1) /(1,0) ALL(0,-2)"
GladsaxeMidsommer2025,16.2,f,B,4,UR0+ DR5- DL3+ UL4- U2+ R6+ D3+ L2+ ALL3- y2 U1- R2+ D0+ L3- ALL4-,14,"DL(-1,-2) UL(2,-3) R(-1,2) D(0,-1) L(-2,-3) /(-2,2) ALL(0,-1)"
GladsaxeMidsommer2025,16.2,f,B,5,UR2- DR6+ DL3+ UL4- U5- R4+ D2- L4- ALL6+ y2 U2+ R4- D5- L2+ ALL3-,18,"DR(4,-2) DL(1,-1) U(-1,-1) L(4,0) ur(1,2) dl(2,-4) \(-1,-2)"
Juhannus2024,16.2,f,A,1,UR5+ DR6+ DL6+ UL2+ U3+ R2- D0+ L5+ ALL4+ y2 U5- R4- D2- L0+ ALL4-,16,"UR(3,-4) DL(0,-2) U(-1,-2) D(0,-1) L(-1,0) ul(-4,-4) /(-2,-2)"
Juhannus2024,16.2,f,A,2,UR5+ DR6+ DL1+ UL4- U0+ R2- D3+ L2- ALL0+ y2 U2- R2+ D1- L0+ ALL0+,17,"DR(2,-1) U(-1,-1) R(1,0) L(5,4) ur(0,-4) ul(-3,2) \(1,-1)"
Juhannus2024,16.2,f,A,3,UR4+ DR1+ DL2- UL2- U2+ R5- D2+ L6+ ALL3+ y2 U3- R0+ D3- L4- ALL4-,15,"DL(-1,1) UL(-1,2) U(-3,-2) ur(-3,-3) dr(-1,-1) \(0,-2) ALL(0,3)"
Juhannus2024,16.2,f,A,4,UR5+ DR2+ DL2- UL2- U5+ R6+ D2- L2- ALL0+ y2 U0+ R0+ D5+ L4+ ALL1-,18,"UR(-3,-3) DR(2,-2) UL(-5,-3) L(-1,-1) dr(-5,5) dl(1,0) \(1,0)"
Juhannus2024,16.2,f,A,5,UR3- DR4+ DL2+ UL2+ U2- R1- D2- L5- ALL2+ y2 U3- R2+ D1- L2- ALL4+,15,"UR(3,2) DR(-3,1) R(0,2) D(-1,-3) L(1,-1) dr(1,-1) ALL(2,0)"
KristiansundOpen2025,16.2,f,A,1,UR1- DR0+ DL3- UL2+ U5- R3- D4+ L5+ ALL4- y2 U0+ R1- D4- L2+ ALL5+,16,"UR(4,4) DL(-1,0) UL(-2,0) U(2,-3) L(-1,2) dl(0,-1) \(3,0)"
KristiansundOpen2025,16.2,f,A,2,UR2- DR1- DL5- UL2- U4+ R4+ D6+ L4+ ALL1- y2 U5- R2- D4+ L0+ ALL5+,19,"UR(-1,0) UL(3,6) U(-2,2) D(0,-1) dl(0,2) ul(-4,-4) /(-3,-3)"
KristiansundOpen2025,16.2,f,A,3,UR0+ DR2+ DL2- UL2+ U0+ R4+ D6+ L1+ ALL0+ y2 U4- R1+ D1+ L1- ALL2+,13,"DR(-3,2) UL(-1,0) U(-1,1) R(-3,1) D(-3,-3) ur(-1,-1) /(-1,-1)"
KristiansundOpen2025,16.2,f,A,4,UR4+ DR5- DL0+ UL1- U1- R2+ D2- L3+ ALL3- y2 U4- R4- D1+ L0+ ALL3-,16,"UR(-2,-2) R(1,-2) D(-5,-2) L(-2,-1) dr(-1,1) ul(-2,-2) \(2,-2)"
KristiansundOpen2025,16.2,f,A,5,UR3+ DR2- DL6+ UL1+ U4- R0+ D4- L4+ ALL1- y2 U1- R5+ D4- L2- ALL1+,17,"UR(0,1) DR(0,3) R(-1,-3) L(1,-1) ur(-1,-1) dl(0,-4) /(-2,2) ALL(0,2)"
LLSMeetingDays2018,16.2,1,A,1,UR0+ DR5- DL5- UL5+ U5- R5+ D5+ L1- ALL4+ y2 U0+ R2- D5+ L1+ ALL2- UR UL,19,"DL(2,3) U(0,3) R(0,-2) D(3,0) L(-1,-1) dr(-4,2) /(-3,-3)"
LLSMeetingDays2018,16.2,1,A,2,UR2- DR5- DL3+ UL6+ U2- R2+ D5+ L5+ ALL4- y2 U1+ R5- D2- L1+ ALL4+ UR DR DL UL,15,"DR(-3,1) UL(-2,1) R(-4,-3) ur(0,1) dl(-2,-2) /(3,1)"
LLSMeetingDays2018,16.2,1,A,3,UR4+ DR2- DL2- UL2+ U6+ R5- D4+ L0+ ALL4- y2 U1+ R1+ D2+ L2- ALL3+,14,"DR(3,1) U(0,1) D(-3,3) ur(-2,-2) dl(1,1) /(1,1) ALL(-3,0)"
LLSMeetingDays2018,16.2,1,A,4,UR1- DR4- DL5+ UL6+ U5+ R2- D6+ L6+ ALL5- y2 U2+ R3- D3- L1+ ALL2+ DR DL,20,"DR(-3,1) DL(-4,0) U(2,-2) R(-2,-2) D(0,1) L(-1,0) ur(0,1) dl(0,-1) /(4,0) \(0,1)"
LLSMeetingDays2018,16.2,1,A,5,UR5+ DR3+ DL2- UL0+ U6+ R3+ D4- L3- ALL4+ y2 U1- R2- D3- L2- ALL4+ UR UL,13,"UR(1,1) DL(3,-3) L(2,0) ur(0,-1) dr(-2,-1) dl(-2,-2) \(-2,2)"
LexMiniII2024,16.2,d,A,1,UR1+ DR3+ DL3+ UL5- U5+ R5+ D3+ L5+ ALL0+ y2 U3+ R0+ D4- L0+ ALL5+,17,"UR(2,0) DR(1,1) UL(-3,1) U(0,-4) D(2,3) \(3,3) ALL(-1,0)"
LexMiniII2024,16.2,d,A,2,UR1- DR2+ DL0+ UL4+ U4- R1- D4- L6+ ALL3+ y2 U2+ R2+ D1+ L1+ ALL2+,12,"UR(0,1) DR(0,2) U(1,1) R(0,2) D(2,2) L(2,1) /(2,-1)"
LexMiniII2024,16.2,d,A,3,UR5- DR4- DL6+ UL0+ U2- R4+ D5- L1- ALL3+ y2 U5- R2- D1- L4- ALL3-,19,"DR(3,3) UL(-5,-3) R(2,0) ur(2,-4) dl(0,-1) ul(-1,-1) /(3,3)"
LexMiniII2024,16.2,d,A,4,UR1+ DR3+ DL1+ UL2+ U1+ R3- D5- L4- ALL5+ y2 U1- R1- D6+ L0+ ALL3-,16,"UL(1,0) U(-5,6) R(-1,-1) D(1,-1) /(3,1) ALL(0,-4)"
LexMiniII2024,16.2,d,A,5,UR2- DR5+ DL4- UL1- U5+ R2- D1- L2+ ALL6+ y2 U1+ R2+ D3+ L5+ ALL1-,17,"UR(-1,-1) UL(-1,-3) L(4,3) ur(1,1) dr(1,1) dl(0,2) /(0,-2) \(0,-3)"
LuziceSummer2023,16.2,d,A,1,UR3+ DR4- DL3+ UL5- U1- R2+ D4- L1+ ALL3- y2 U6+ R0+ D5+ L0+ ALL2- UR UL,16,"UL(1,0) U(2,3) R(-1,0) D(5,-4) ur(2,-2) dr(-2,2) \(1,-2)"
LuziceSummer2023,16.2,d,A,2,UR1- DR1+ DL2+ UL1- U4+ R1+ D4- L2- ALL2+ y2 U5+ R3- D3- L5- ALL3+ DR UL,16,"UR(-1,0) U(-1,1) D(1,5) L(1,-4) dr(-1,-1) dl(-1,-3) /(0,-1)"
LuziceSummer2023,16.2,d,A,3,UR3+ DR4+ DL3+ UL6+ U4+ R3- D4- L4+ ALL5- y2 U3- R4- D1- L6+ ALL5+,16,"DR(-3,2) UL(-1,-1) R(-1,-2) L(0,-4) ur(2,-2) dl(1,-1) ul(0,-1) /(2,0)"
LuziceSummer2023,16.2,d,A,4,UR3+ DR2+ DL5- UL4+ U4- R4- D2+ L0+ ALL0+ y2 U0+ R5+ D3- L3+ ALL5- UR DR,16,"UR(-1,0) DL(1,1) U(-2,2) L(0,1) dr(0,2) dl(0,5) /(4,1)"
LuziceSummer2023,16.2,d,A,5,UR1- DR2+ DL4+ UL4- U5+ R3- D2+ L1- ALL3+ y2 U3+ R2- D5+ L6+ ALL2+ UL,17,"DR(2,-3) DL(0,-1) D(2,3) L(1,-1) dr(0,-5) dl(-2,-2) \(2,-1)"
MaruCubeDay2023,16.2,c,A,1,UR2- DR4- DL1+ UL4- U3+ R4+ D0+ L4+ ALL3- y2 U0+ R1+ D3- L0+ ALL2- UR DR UL,12,"UR(0,1) DR(3,-3) U(3,-3) R(-1,1) L(-1,0) dl(-2,0) /(-1,0)"
MaruCubeDay2023,16.2,c,A,2,UR4- DR1- DL6+ UL0+ U5- R3+ D6+ L3+ ALL3+ y2 U2- R5+ D2+ L1- ALL5- UR DL UL,17,"DR(0,1) DL(1,-1) U(-3,0) R(2,3) D(0,-2) L(2,-1) dl(0,2) /(-1,-3)"
MaruCubeDay2023,16.2,c,A,3,UR2- DR4- DL2+ UL1- U0+ R6+ D4+ L5- ALL1- y2 U4+ R6+ D3- L2- ALL1- UR DR,17,"UL(4,3) U(-1,1) D(-2,-4) dr(-1,-2) dl(-2,-2) ul(3,-4)"
MaruCubeDay2023,16.2,c,A,4,UR1- DR0+ DL6+ UL0+ U1+ R4- D1- L2- ALL4- y2 U2- R4+ D3+ L5+ ALL3- UR DR DL,21,"R(5,1) D(-5,-2) L(-4,5) ur(-2,0) dl(0,3) \(-1,0)"
MaruCubeDay2023,16.2,c,A,5,UR4- DR3+ DL2+ UL3- U5- R5+ D3- L1+ ALL3- y2 U3+ R1- D3- L0+ ALL2+,14,"DR(-2,1) R(-2,-1) ur(3,3) dr(-2,-3) /(-2,-1) ALL(0,2)"
MonterreyBogotaIII2023,16.2,d,B,1,UR2- DR2+ DL6+ UL5+ U1- R2+ D3+ L1+ ALL1- y2 U0+ R0+ D5+ L4+ ALL0+ UR DR UL,15,"UR(-2,-2) UL(0,3) U(0,1) D(1,0) dr(2,4) \(-4,3)"
MonterreyBogotaIII2023,16.2,d,B,2,UR1+ DR4- DL1- UL1+ U5+ R5+ D3+ L1- ALL1- y2 U3- R3- D2- L3- ALL0+ UR DL UL,17,"UR(-3,0) DR(1,-1) DL(1,-2) U(-4,-2) L(0,-3) ul(-2,-3) /(-1,0)"
MonterreyBogotaIII2023,16.2,d,B,3,UR5+ DR2+ DL5- UL2- U1- R3- D3+ L5- ALL3- y2 U2- R2+ D2+ L3+ ALL3- DL UL,13,"UR(-4,-3) UL(2,2) D(0,-2) L(-2,3) dl(1,2)"
MonterreyBogotaIII2023,16.2,d,B,4,UR2- DR3+ DL3- UL2+ U3+ R6+ D1- L2+ ALL4- y2 U0+ R3- D4+ L4+ ALL5- UR DR DL UL,18,"UR(0,-1) DR(1,-1) U(-3,3) R(4,-3) L(-1,3) dr(0,1) ul(2,0) /(3,-2)"
MonterreyBogotaIII2023,16.2,d,B,5,UR3- DR6+ DL4+ UL2+ U3+ R5- D4+ L4- ALL2- y2 U5- R5+ D1+ L4- ALL5+ UL,18,"DR(-2,-2) UL(-2,2) R(4,4) D(0,-1) ur(2,-4) dl(2,1) \(3,2)"
ParlaOpen2025,16.2,e,B,1,UR2+ DR5- DL2+ UL2+ U2- R2+ D6+ L2- ALL4+ y2 U0+ R5+ D3+ L2- ALL0+,17,"DR(-1,0) DL(-2,0) U(-2,3) R(2,3) ur(0,-2) ul(2,2) /(4,0)"
ParlaOpen2025,16.2,e,B,2,UR4+ DR2+ DL1- UL2- U6+ R3- D5+ L1- ALL4- y2 U0+ R5+ D6+ L4+ ALL5+,21,"DR(-3,0) DL(-3,0) UL(4,-2) L(3,3) dr(0,1) dl(3,5) /(2,1)"
ParlaOpen2025,16.2,e,B,3,UR1- DR4+ DL0+ UL6+ U6+ R5- D4- L4+ ALL5- y2 U3- R3- D0+ L0+ ALL3+,11,"UR(2,-1) U(-1,0) L(2,0) ul(1,-3) /(3,1)"
ParlaOpen2025,16.2,e,B,4,UR1+ DR5- DL5- UL5+ U5+ R6+ D1+ L2- ALL4- y2 U4- R2- D3- L4- ALL5-,16,"UR(1,-2) DR(-3,2) L(2,1) ur(-3,-2) dr(0,-3) ul(0,-2) /(1,0)"
ParlaOpen2025,16.2,e,B,5,UR5+ DR4+ DL2- UL3- U3- R2+ D0+ L5- ALL2- y2 U4- R1+ D5- L5- ALL4-,16,"U(1,-2) R(1,1) D(-2,0) L(-2,2) ur(-3,-4) dr(-4,-3) /(1,1)"
QuadCitiesSaturday2025,16.2,1,B,1,UR2+ DR4- DL4- UL3+ U2- R1- D5- L4+ ALL1+ y2 U2- R1- D1- L5- ALL1+,15,"DR(1,0) UL(-3,-2) R(2,-1) L(0,-2) ur(-4,-2) dr(0,-1) ul(-2,0)"
QuadCitiesSaturday2025,16.2,1,B,2,UR5- DR2- DL3- UL1- U4- R6+ D6+ L0+ ALL4- y2 U2- R3- D2- L2+ ALL0+,16,"UR(1,-1) DL(2,0) U(-3,0) D(-3,-1) L(2,2) dl(-2,-2) ul(0,-1) /(-2,-2)"
QuadCitiesSaturday2025,16.2,1,B,3,UR3+ DR3- DL5+ UL5- U4+ R2+ D5+ L5+ ALL2- y2 U6+ R0+ D2+ L0+ ALL4+,20,"DR(-2,1) DL(-3,-1) UL(-2,2) D(-2,-4) dl(0,2) ul(3,-2) \(4,2)"
QuadCitiesSaturday2025,16.2,1,B,4,UR1- DR5+ DL2- UL1- U2- R1- D0+ L1+ ALL2- y2 U1+ R0+ D4+ L2+ ALL1-,13,"DR(-3,0) UL(2,1) U(2,3) ur(-1,2) dl(1,1) ul(1,-1) ALL(1,0)"
QuadCitiesSaturday2025,16.2,1,B,5,UR6+ DR5- DL1+ UL6+ U2+ R1- D5+ L2+ ALL0+ y2 U3+ R0+ D2- L4+ ALL5+,17,"UR(0,1) UL(3,-2) U(-5,-2) D(-1,-1) ur(2,4) /(-3,-2)"
SAJAguasdaPrata2023,16.2,1,B,1,UR0+ DR5+ DL1- UL2+ U1- R4+ D6+ L4+ ALL1- y2 U0+ R2- D2+ L0+ ALL1+ DL UL,16,"DR(3,3) DL(-1,0) UL(-1,0) R(0,-2) L(-3,-2) ur(-2,0) dr(0,2) /(-2,0)"
SAJAguasdaPrata2023,16.2,1,B,2,UR1- DR5- DL1+ UL1+ U0+ R2- D5+ L1- ALL4- y2 U2+ R5+ D1- L3- ALL5- DL,16,"UR(0,2) DR(-1,1) UL(0,3) R(-3,3) L(-1,-2) dr(0,-1) ul(0,2) \(-1,2)"
SAJAguasdaPrata2023,16.2,1,B,3,UR1- DR1- DL3+ UL2- U1+ R5+ D1- L1- ALL1- y2 U2+ R2- D5- L1+ ALL3- DR UL,13,"DR(-1,-1) UL(0,-1) U(2,-2) R(-2,0) ur(0,1) dl(0,-3) ul(-1,1) ALL(0,-2)"
SAJAguasdaPrata2023,16.2,1,B,4,UR5+ DR6+ DL1+ UL6+ U1- R2- D2+ L3- ALL3+ y2 U2- R4- D3- L4+ ALL2- UR DL,18,"UR(1,0) DR(2,-2) U(1,1) D(1,-2) L(-4,4) dl(-3,-4) \(-3,-4)"
SAJAguasdaPrata2023,16.2,1,B,5,UR3+ DR3- DL3- UL3- U3- R3- D4+ L5- ALL3- y2 U2+ R0+ D3+ L4- ALL6+ UR DR UL,18,"UR(3,3) U(0,3) D(2,2) L(-1,-4) /(-3,3) \(3,0)"
SanMarcosOpen2023,16.2,d,B,1,UR1+ DR2+ DL3- UL4- U4+ R5+ D4+ L5+ ALL5+ y2 U0+ R4- D1+ L0+ ALL5- DR DL,13,"UR(-2,-2) DR(-3,-2) UL(1,0) U(0,1) R(-3,-4) L(1,0) /(-1,-1)"
SanMarcosOpen2023,16.2,d,B,2,UR0+ DR1+ DL4+ UL5+ U5+ R0+ D3+ L5- ALL5- y2 U1+ R1+ D3- L2- ALL3- UR UL,16,"UR(-1,-3) DL(4,0) UL(4,0) U(-1,-1) dr(-1,-2) ul(0,1) /(-1,-1)"
SanMarcosOpen2023,16.2,d,B,3,UR1+ DR5+ DL4+ UL2+ U2- R1- D3- L4- ALL1+ y2 U2+ R2- D3- L5- ALL2- DR UL,18,"UR(-1,-1) DR(-2,-1) DL(-2,-3) R(-2,-2) D(-2,2) L(0,-2) dr(3,-3) \(3,0)"
SanMarcosOpen2023,16.2,d,B,4,UR0+ DR3- DL1- UL3+ U5- R5- D4- L1- ALL2+ y2 U2- R4+ D2- L5- ALL1+,18,"DR(-3,-2) DL(-1,0) U(2,1) R(-1,4) ur(0,-2) dr(2,-3) /(3,-2)"
SanMarcosOpen2023,16.2,d,B,5,UR6+ DR5- DL1+ UL4+ U1- R2+ D6+ L6+ ALL0+ y2 U1- R3+ D0+ L3- ALL1+,16,"DL(-2,1) UL(3,-3) R(-3,1) ur(-3,-3) ul(1,2) /(-3,2)"
SensOpen2018,16.2,c,B,1,UR1- DR5+ DL3+ UL4+ U4- R0+ D6+ L6+ ALL1+ y2 U3+ R1+ D4- L3- ALL3+ UR DR UL,16,"UR(1,1) DR(-1,0) DL(-1,1) R(-4,-1) ur(1,1) dr(-4,-4) ul(2,2) /(-2,0)"
SensOpen2018,16.2,c,B,2,UR0+ DR4- DL2- UL1+ U1+ R1+ D3+ L4+ ALL2- y2 U5- R6+ D0+ L0+ ALL1+ DR,15,"UR(-1,-1) DR(3,-3) UL(-1,1) R(1,-1) L(-2,0) ul(0,-5) /(-2,-1)"
SensOpen2018,16.2,c,B,3,UR2- DR4+ DL3+ UL3+ U0+ R0+ D3+ L5+ ALL1+ y2 U0+ R1- D0+ L5+ ALL1+ DR DL,14,"UR(-1,1) DR(-1,2) D(3,-2) L(1,2) ur(2,3) ul(3,-1)"
SensOpen2018,16.2,c,B,4,UR4- DR1+ DL6+ UL5- U2- R1+ D2+ L3+ ALL5+ y2 U4- R6+ D3- L4- ALL5- UR DR UL,20,"UR(-1,0) DR(3,-3) L(-4,-3) ur(0,-1) dl(3,-3) ul(-3,-3) /(-5,3)"
SensOpen2018,16.2,c,B,5,UR1- DR1+ DL0+ UL4- U6+ R1+ D3- L3+ ALL1- y2 U3- R6+ D3- L1- ALL4+ DR,16,"UR(-1,1) DL(1,0) R(0,-1) D(1,0) dr(-4,-1) dl(0,-2) ul(3,-3) \(-2,-3)"
SolveItBahrain2025,16.2,f,A,1,UR4- DR2+ DL5- UL0+ U5+ R2+ D4+ L0+ ALL2- y2 U2- R0+ D2+ L2- ALL1+,13,"DL(1,0) UL(1,1) U(-2,2) D(-2,-2) L(3,-2) /(0,-1) \(-3,1)"
SolveItBahrain2025,16.2,f,A,2,UR1- DR1- DL4- UL3- U5- R3+ D2- L1+ ALL2- y2 U3+ R1- D3- L2- ALL4-,18,"UR(-1,-1) DL(-4,-4) U(-2,0) D(-1,1) L(-2,-2) dr(-1,0) dl(0,-3) ul(-1,2) \(2,0)"
SolveItBahrain2025,16.2,f,A,3,UR5- DR3- DL2+ UL5- U3- R3+ D4+ L1- ALL0+ y2 U2+ R1- D1- L3+ ALL0+,17,"DR(5,4) DL(4,0) U(1,-1) ur(-4,3) ul(0,-1) /(2,-2)"
SolveItBahrain2025,16.2,f,A,4,UR6+ DR2- DL2- UL3+ U2+ R4- D4+ L1+ ALL1- y2 U2+ R3- D2- L1+ ALL2-,14,"UR(1,-1) R(-1,0) L(-2,-2) ur(-3,3) dr(2,0) dl(-2,-2) ul(-2,-1) ALL(0,-1)"
SolveItBahrain2025,16.2,f,A,5,UR5+ DR5- DL1+ UL5+ U5+ R3- D5- L4- ALL3+ y2 U0+ R4- D1+ L2- ALL1-,19,"UR(-1,0) DL(-1,2) UL(-1,3) U(-1,1) R(4,-4) D(-2,2) ur(0,-2) \(0,4)"
SwisscubingCupV2025,16.2,d,B,1,UR0+ DR5+ DL3- UL4+ U3- R4- D0+ L1- ALL0+ y2 U5+ R0+ D0+ L2- ALL0+,13,"UR(-1,0) R(0,1) D(-2,-4) ur(0,-2) ul(2,-1) /(3,-3)"
SwisscubingCupV2025,16.2,d,B,2,UR2+ DR5+ DL1+ UL2- U2- R0+ D5+ L2+ ALL1+ y2 U5+ R2+ D5- L1- ALL0+,18,"DR(2,2) DL(-1,2) U(2,-4) R(3,-3) dr(0,-1) ul(5,5) /(1,0)"
SwisscubingCupV2025,16.2,d,B,3,UR3- DR5+ DL0+ UL1+ U1+ R4- D1+ L3+ ALL1+ y2 U5+ R3+ D2- L2- ALL3+,17,"UR(1,0) DL(-4,2) R(1,0) D(-2,2) dr(2,-2) ul(1,3) \(-4,2)"
SwisscubingCupV2025,16.2,d,B,4,UR4- DR3- DL2- UL3+ U5- R0+ D6+ L1- ALL2+ y2 U4- R6+ D4+ L1+ ALL1+,16,"UR(4,-2) U(2,3) R(3,-3) D(-1,-1) dr(-1,1) ul(-3,-3) \(0,1)"
SwisscubingCupV2025,16.2,d,B,5,UR1- DR5+ DL5+ UL5+ U1+ R5- D6+ L1- ALL2- y2 U1+ R0+ D2+ L3+ ALL1-,17,"UR(-3,-3) DR(4,-4) DL(3,-3) U(-2,-1) D(1,1) dr(-3,3) \(-1,0)"
TallinnOpen2024,16.2,f,A,1,UR2- DR2+ DL5+ UL5+ U1+ R0+ D3+ L3- ALL1+ y2 U3- R0+ D1- L0+ ALL1+,15,"UR(0,1) DL(-2,-2) UL(-5,2) U(1,-1) D(4,-3) ur(2,0)"
TallinnOpen2024,16.2,f,A,2,UR5- DR1- DL2- UL1- U2+ R3- D3+ L2+ ALL5+ y2 U6+ R2+ D1- L3+ ALL5+,15,"U(4,-1) R(-3,0) L(1,-1) ur(-1,4) ul(-2,2) /(1,-1)"
TallinnOpen2024,16.2,f,A,3,UR6+ DR5+ DL4- UL1+ U5- R1- D2+ L4- ALL1- y2 U2+ R3+ D5+ L3+ ALL1+,16,"UR(2,-1) DL(-1,0) UL(-4,-4) D(-2,2) L(0,1) dr(-2,2) dl(-3,3) /(-1,-1)"
TallinnOpen2024,16.2,f,A,4,UR1- DR1- DL0+ UL6+ U5+ R3- D1- L5- ALL1+ y2 U2- R4- D5+ L1+ ALL1+,15,"UR(1,0) DR(2,0) UL(-1,0) U(2,4) R(2,-2) dr(3,1) ul(2,-2)"
TallinnOpen2024,16.2,f,A,5,UR2- DR4- DL1- UL1+ U4- R1- D2+ L3+ ALL1+ y2 U5- R4- D1+ L6+ ALL4+,20,"UR(3,1) DR(3,0) U(2,1) R(1,-2) L(-3,-3) ur(0,-3) ul(0,-2) /(-1,-2)"
TroisRivieres2024,16.2,d,B,1,UR2- DR3- DL2+ UL5+ U4+ R6+ D3+ L5+ ALL4- y2 U3+ R0+ D2+ L6+ ALL5-,14,"DR(-1,1) U(5,-2) D(-1,1) ur(2,2) dr(4,4) ALL(-1,0)"
TroisRivieres2024,16.2,d,B,2,UR1- DR1+ DL6+ UL3- U5- R5+ D2- L3- ALL1+ y2 U5+ R5+ D2+ L2- ALL4-,19,"UR(-3,1) DR(-2,2) D(-3,3) L(0,-1) dr(0,-1) dl(0,3) ul(1,2) \(-4,-3)"
TroisRivieres2024,16.2,d,B,3,UR3- DR2+ DL5+ UL3- U6+ R3+ D1- L2- ALL4+ y2 U2- R2+ D2+ L3- ALL1-,17,"DR(-2,-2) U(0,1) D(-4,0) ur(1,-3) dl(1,1) ul(0,1) \(5,0)"
TroisRivieres2024,16.2,d,B,4,UR1- DR2- DL1- UL5+ U0+ R6+ D4+ L4- ALL4- y2 U0+ R2- D5- L3+ ALL3-,12,"DR(-1,1) U(-4,4) R(-2,-2) dr(4,3) /(0,-1)"
TroisRivieres2024,16.2,d,B,5,UR4- DR2- DL2- UL2+ U2- R4- D0+ L2- ALL3+ y2 U4+ R3+ D1+ L1- ALL0+,19,"UR(4,-1) DR(4,0) DL(1,0) R(2,2) D(-1,4) L(1,-1) dl(-1,1) \(1,2)"
VolgaNizhnyNovgorod2020,16.2,1,A,1,UR2+ DR0+ DL1- UL4- U2- R1- D3+ L5+ ALL4+ y2 U1- R1+ D2- L1+ ALL2- DL,16,"DR(-1,-2) DL(-1,2) UL(1,0) U(3,-3) D(0,-1) L(0,1) dl(1,1) /(-1,-1) ALL(4,0)"
VolgaNizhnyNovgorod2020,16.2,1,A,2,UR3- DR0+ DL5- UL2+ U1- R1- D5- L3+ ALL0+ y2 U1- R4+ D3+ L3+ ALL0+ UL,16,"UR(2,1) DR(1,1) R(1,1) D(-3,-1) L(0,3) ur(-2,0) dl(0,3) \(-1,1)"
VolgaNizhnyNovgorod2020,16.2,1,A,3,UR0+ DR2+ DL2- UL2+ U0+ R1- D5+ L3- ALL3+ y2 U1- R3- D3+ L0+ ALL4+ DR DL UL,15,"UR(0,1) DL(3,0) U(-2,3) R(-1,-1) D(4,1) ul(2,-2) ALL(0,1)"
VolgaNizhnyNovgorod2020,16.2,1,A,4,UR3+ DR5- DL1+ UL4+ U0+ R0+ D2- L4+ ALL4+ y2 U3- R5- D1- L2+ ALL4+ DL,18,"DR(2,2) DL(2,0) UL(1,-1) U(4,0) D(2,-1) dr(1,2) dl(3,-3) ul(0,-2)"
VolgaNizhnyNovgorod2020,16.2,1,A,5,UR4+ DR4+ DL5- UL4+ U5+ R4- D4+ L1- ALL1+ y2 U2- R3- D1+ L1+ ALL2- UR DR DL,16,"UR(-1,4) DR(-3,2) R(0,-1) L(2,0) dr(0,1) ul(2,-2) /(0,3)"
AmericanaOpen2018,16.4,c,A,1,UR1- DR3+ DL6+ UL0+ U1- R1- D2+ L2+ ALL3+ y2 U2- R2- D4+ L4+ ALL0+ UR UL,18,"UR(-1,-3) DL(1,0) UL(3,0) dr(-4,4) ul(2,-2) \(-2,5)"
AmericanaOpen2018,16.4,c,A,2,UR4- DR3+ DL3+ UL4+ U5- R6+ D3+ L1+ ALL4+ y2 U1+ R1+ D5+ L5- ALL5+ UR DL UL,18,"UR(4,3) DR(3,-3) UL(1,0) L(3,2) dr(-2,5) ul(0,1) \(0,-1)"
AmericanaOpen2018,16.4,c,A,3,UR5+ DR4+ DL3+ UL1- U2- R4- D6+ L5- ALL3+ y2 U1+ R5+ D2- L1+ ALL2+ DL UL,16,"UR(-2,2) DR(-1,-1) R(-2,4) L(3,3) dr(1,-2) dl(2,0) ul(1,1) \(1,0)"
AmericanaOpen2018,16.4,c,A,4,UR0+ DR2+ DL3- UL3- U6+ R2+ D2+ L3+ ALL5- y2 U3+ R3+ D1+ L5+ ALL4-,14,"UR(-3,1) DR(-1,-1) L(3,4) ur(-2,1) dl(-1,1) ul(1,2) \(-1,0)"
AmericanaOpen2018,16.4,c,A,5,UR5- DR1- DL6+ UL3+ U4- R0+ D4- L0+ ALL4- y2 U3- R3- D0+ L0+ ALL6+ UR,16,"UR(6,4) DL(0,-1) D(-1,0) L(3,0) ul(-1,-3) \(2,0)"
AsianChampionship2018,16.4,1,B,1,UR1- DR0+ DL1+ UL0+ U4- R4- D5+ L0+ ALL1- y2 U1+ R4- D1- L1- ALL0+,17,"UR(1,0) DL(-1,0) U(4,-1) R(4,-4) D(-5,1) L(0,-1) ALL(1,0)"
AsianChampionship2018,16.4,1,B,2,UR2- DR2- DL2+ UL5+ U2+ R6+ D2+ L5+ ALL3+ y2 U1- R4- D6+ L2- ALL1+ UR DR UL,18,"UR(0,-1) DR(-2,2) UL(-2,-4) U(-3,-3) L(2,-2) dl(-2,-3) ul(0,-1) ALL(-2,0)"
AsianChampionship2018,16.4,1,B,3,UR2+ DR3+ DL4- UL5- U0+ R1- D2+ L1+ ALL4+ y2 U0+ R0+ D2+ L2+ ALL3- UR DL,18,"UR(-3,-3) DR(-1,-2) UL(-4,-4) U(-2,0) dr(-3,2) \(-1,-4)"
AsianChampionship2018,16.4,1,B,4,UR5+ DR2+ DL1- UL1- U4- R3- D1+ L0+ ALL3- y2 U1+ R4+ D2+ L3- ALL6+ UR DR DL UL,15,"DR(-2,0) R(-2,0) L(2,-2) dr(1,-1) dl(3,3) ul(0,1) \(2,-1) ALL(0,-2)"
AsianChampionship2018,16.4,1,B,5,UR6+ DR2+ DL0+ UL1- U2- R2- D1+ L1+ ALL4+ y2 U0+ R1+ D3- L1- ALL1+,14,"UR(-3,-3) DR(-1,0) U(0,-2) R(-2,1) D(-2,0) dr(-1,-1) /(0,3)"
CMUFall2014,16.4,f,A,1,UR0+ DR4+ DL3- UL5- U4- R4+ D5+ L3- ALL4+ y2 U1- R3- D4+ L4+ ALL5+ UR DR DL UL,17,"UR(-1,-1) DR(5,-4) DL(1,0) UL(-2,1) R(0,-2) dr(-4,4) ul(0,-1) \(-1,0)"
CMUFall2014,16.4,f,A,2,UR2+ DR4- DL4- UL0+ U1- R3+ D5+ L5- ALL2- y2 U3+ R6+ D0+ L1+ ALL2- UR DR DL,17,"UR(-1,-3) DR(2,3) DL(1,1) R(-2,3) L(-4,1) ul(-2,3)"
CMUFall2014,16.4,f,A,3,UR6+ DR5+ DL5+ UL0+ U3+ R0+ D6+ L5- ALL5- y2 U0+ R5- D1+ L5+ ALL5- UR DR UL,17,"UR(1,-1) DL(-2,-1) UL(2,-2) R(0,-1) D(-2,0) dr(2,5) dl(-4,-4)"
CMUFall2014,16.4,f,A,4,UR3- DR2+ DL3- UL1- U1+ R2- D5+ L5+ ALL1- y2 U2- R3- D0+ L3- ALL4- DR UL,16,"UR(3,-3) DR(-2,-1) R(2,-3) D(-2,-2) L(-1,-3) ALL(-3,0)"
CMUFall2014,16.4,f,A,5,UR1- DR1- DL3- UL3- U3+ R5+ D5- L1+ ALL3- y2 U3+ R2- D2+ L1+ ALL2- DL UL,15,"DR(-1,0) DL(2,0) UL(1,0) R(-2,-2) D(-4,3) L(2,-1) dr(-2,2) \(-1,0)"
CalgarySideEvents2020,16.4,d,D,1,UR3+ DR4+ DL4- UL0+ U2- R2+ D6+ L3- ALL5+ y2 U1+ R0+ D2- L6+ ALL3+ DL,17,"DR(2,-2) DL(4,3) UL(-1,1) R(1,-1) L(4,-4) dr(0,-2) ul(1,1) /(2,0)"
CalgarySideEvents2020,16.4,d,D,2,UR5- DR0+ DL5- UL2- U5+ R1+ D3+ L1+ ALL3+ y2 U3- R2- D4- L5- ALL3+ DR DL UL,17,"UR(2,2) DR(2,0) DL(-3,-3) D(3,-3) L(-3,-3) dr(-2,-2) dl(0,-2)"
CalgarySideEvents2020,16.4,d,D,3,UR2- DR5- DL2+ UL2- U5- R6+ D0+ L1+ ALL2+ y2 U5- R2+ D2+ L5- ALL4+ DR,16,"UR(-2,2) DR(3,-1) UL(-1,0) ur(2,-5) dl(3,2) /(-2,0)"
CalgarySideEvents2020,16.4,d,D,4,UR5- DR4- DL5+ UL4+ U3- R6+ D4- L3+ ALL3- y2 U4+ R5- D1+ L1+ ALL6+ UR DR UL,19,"UR(3,3) DL(-1,-1) UL(1,0) U(0,1) D(4,-4) ur(1,1) ul(-4,-5) ALL(-3,0)"
CalgarySideEvents2020,16.4,d,D,5,UR6+ DR3+ DL5+ UL0+ U1+ R2+ D3+ L3+ ALL0+ y2 U0+ R1- D2- L0+ ALL2+ UL,13,"UR(1,-1) DL(1,0) UL(3,0) U(1,-2) R(0,-1) \(-5,3)"
CebuSummerOpen2024,16.4,1,B,1,UR4- DR1- DL0+ UL1- U6+ R5- D3+ L3+ ALL5+ y2 U4+ R2- D2- L1+ ALL0+,14,"DR(-2,2) DL(-1,0) UL(-1,1) D(1,3) ur(0,1) dl(0,-2) \(-3,-4)"
CebuSummerOpen2024,16.4,1,B,2,UR6+ DR4+ DL6+ UL0+ U4- R6+ D4- L2- ALL5+ y2 U4- R2- D1- L1- ALL2+,15,"UR(-2,-1) DR(-2,-2) DL(-4,0) D(0,-2) ur(0,-1) dl(1,-1) ul(1,-1) /(1,2)"
CebuSummerOpen2024,16.4,1,B,3,UR4+ DR5- DL5- UL0+ U0+ R3+ D5- L6+ ALL1+ y2 U2+ R4+ D2- L1+ ALL4-,19,"DR(2,2) UL(-1,0) U(-3,-3) R(-4,3) D(1,1) ur(0,1) dl(-3,1) /(-3,-4)"
CebuSummerOpen2024,16.4,1,B,4,UR1- DR0+ DL1- UL3- U4+ R1+ D3+ L5- ALL1- y2 U5+ R1+ D3+ L6+ ALL2+,17,"UL(0,2) D(-2,4) L(-3,3) dr(-3,3) ul(0,1) \(-1,1) ALL(0,3)"
CebuSummerOpen2024,16.4,1,B,5,UR6+ DR1- DL2+ UL1+ U2- R0+ D0+ L5- ALL3+ y2 U0+ R4+ D2- L1+ ALL1-,17,"UR(-2,-2) U(-3,-3) R(-3,4) D(-1,0) L(2,0) dr(1,1) /(0,2) \(2,0)"
EvanstonQualifier2025,16.4,f,A,1,UR4- DR6+ DL2+ UL4+ U2- R0+ D4+ L5- ALL0+ y2 U2+ R5+ D0+ L5+ ALL3+,19,"DR(1,-2) DL(-1,-1) U(2,-3) R(-3,5) ur(2,2) dr(-4,3) /(-2,-1)"
EvanstonQualifier2025,16.4,f,A,2,UR3+ DR3+ DL5- UL1- U1- R0+ D6+ L6+ ALL0+ y2 U5+ R4+ D4+ L3- ALL0+,17,"UR(-1,0) DR(-4,0) R(-1,1) D(0,-3) ur(-2,-4) dr(-1,1) dl(-2,3)"
EvanstonQualifier2025,16.4,f,A,3,UR2+ DR3+ DL1- UL1+ U0+ R3- D3+ L0+ ALL6+ y2 U0+ R1+ D5+ L0+ ALL6+,17,"DR(-2,2) DL(0,3) U(-3,5) R(0,1) D(-3,0) dr(-2,0) \(-1,1)"
EvanstonQualifier2025,16.4,f,A,4,UR3- DR2- DL5+ UL2- U3+ R2+ D4- L4- ALL5+ y2 U3- R0+ D2- L1+ ALL2-,14,"UR(2,-2) DL(2,2) U(0,-2) R(1,0) D(-1,-3) L(-1,1) \(-3,-2)"
EvanstonQualifier2025,16.4,f,A,5,UR4- DR2+ DL2+ UL6+ U2- R3+ D4- L1+ ALL3- y2 U2+ R6+ D3+ L0+ ALL5-,15,"UR(-1,1) UL(1,1) L(2,1) ur(0,-1) dl(2,3) ul(3,3) \(4,-2)"
FrankfurtCubeDays2024,16.4,d,B,1,UR2+ DR6+ DL3+ UL5+ U3- R1+ D5+ L5+ ALL4- y2 U0+ R3- D3+ L5- ALL6+,17,"DR(-1,1) DL(-1,0) U(-4,-4) R(4,-3) dr(4,-5) \(2,0)"
FrankfurtCubeDays2024,16.4,d,B,2,UR2- DR6+ DL0+ UL1- U5+ R1+ D2- L2- ALL5- y2 U4+ R3- D1- L6+ ALL5+,18,"UR(-2,-1) DR(-4,-3) R(1,-2) L(3,2) ur(0,4) dl(0,-1) /(2,0)"
FrankfurtCubeDays2024,16.4,d,B,3,UR1+ DR1+ DL5+ UL0+ U2- R5- D5+ L2+ ALL3+ y2 U1- R2+ D2- L4+ ALL3+,15,"UR(1,1) R(2,2) D(1,0) L(5,-5) ur(3,-1) dr(1,-2) \(1,-1)"
FrankfurtCubeDays2024,16.4,d,B,4,UR6+ DR3+ DL5+ UL1- U3+ R5+ D4+ L3+ ALL4- y2 U2+ R2+ D2+ L4+ ALL1+,17,"DR(-1,1) DL(1,0) UL(4,4) R(-1,2) ur(-2,2) dr(2,2) \(-4,0) ALL(1,0)"
FrankfurtCubeDays2024,16.4,d,B,5,UR2- DR1+ DL1+ UL5+ U4- R6+ D1- L5+ ALL4+ y2 U1+ R1+ D3- L3+ ALL4+,15,"DR(-1,4) U(1,-2) R(-4,3) L(1,1) ur(0,2) dl(0,-1) ul(0,-1)"
FuenlabradaOpen2018,16.4,c,B,1,UR1- DR5+ DL3- UL4- U3+ R5- D1- L4+ ALL2+ y2 U2- R3- D2- L0+ ALL5+ UR UL,14,"UR(0,-2) UL(3,-4) U(-1,-2) R(1,-2) D(-1,-1) ul(-1,-1) \(-1,-2)"
FuenlabradaOpen2018,16.4,c,B,2,UR0+ DR1- DL2- UL0+ U5- R3+ D1- L1+ ALL1+ y2 U2- R3- D2- L0+ ALL5+ DR UL,17,"DR(1,1) DL(1,1) U(5,-2) R(-3,-3) D(2,-2) dr(-1,0) \(-1,0) ALL(0,3)"
FuenlabradaOpen2018,16.4,c,B,3,UR5+ DR3- DL0+ UL3- U2- R3- D3+ L4+ ALL3+ y2 U3- R1+ D1- L2- ALL6+ DL,11,"DL(0,1) U(0,-1) R(1,1) L(-1,1) ur(-1,-3) /(-3,1) ALL(0,1)"
FuenlabradaOpen2018,16.4,c,B,4,UR1- DR5- DL3+ UL3+ U5+ R4- D5- L1+ ALL6+ y2 U2- R2+ D5+ L4+ ALL6+ UR DL,18,"UR(-2,2) DL(-2,-2) UL(-5,-1) R(0,1) D(-3,-2) dr(-2,4) dl(-1,1)"
FuenlabradaOpen2018,16.4,c,B,5,UR6+ DR5- DL4+ UL1- U1+ R5+ D2- L5- ALL5+ y2 U2+ R4- D2+ L1+ ALL0+ UR UL,22,"DR(3,3) UL(2,0) U(4,2) R(3,-4) D(0,1) ur(-3,1) \(-5,-2)"
KrasnodarWinter2019,16.4,f,B,1,UR1+ DR5+ DL0+ UL6+ U1- R5- D2- L0+ ALL3+ y2 U2+ R1+ D4+ L2+ ALL0+ DR,16,"UR(-1,-1) DL(-3,2) UL(-3,2) U(-2,3) ur(-1,2) dl(0,1) /(3,0)"
KrasnodarWinter2019,16.4,f,B,2,UR6+ DR4- DL4- UL2- U1- R4+ D1+ L3- ALL5+ y2 U5+ R5+ D2+ L3+ ALL6+,18,"DR(-5,-3) UL(-3,3) R(-1,1) ur(-2,3) dl(-3,2) ul(0,2) ALL(0,1)"
KrasnodarWinter2019,16.4,f,B,3,UR1+ DR1- DL3+ UL2+ U4+ R2+ D5- L5+ ALL1- y2 U6+ R1+ D6+ L1- ALL1- DL UL,19,"UR(-2,2) U(-5,5) D(3,4) L(2,-3) ur(1,1) dr(3,1) ul(0,1)"
KrasnodarWinter2019,16.4,f,B,4,UR0+ DR0+ DL1+ UL3+ U5- R2- D3- L5+ ALL6+ y2 U5+ R5+ D0+ L0+ ALL4+ UR DR DL UL,13,"UR(0,1) DR(2,-2) UL(2,0) L(1,0) ul(2,5) ALL(0,-2)"
KrasnodarWinter2019,16.4,f,B,5,UR2- DR5+ DL5- UL3+ U0+ R1- D2+ L2+ ALL4+ y2 U5+ R0+ D2+ L3- ALL2- DR DL,16,"DR(-2,0) U(-1,2) L(0,4) ur(4,5) /(3,3)"
MiddleboroCubikon2023,16.4,d,B,1,UR4+ DR4- DL1- UL3- U3- R0+ D5+ L1+ ALL4- y2 U2+ R1- D3- L0+ ALL1+ UR DR DL,15,"UR(0,1) DR(0,1) UL(2,-2) L(1,0) dl(-3,-3) ul(-2,2) \(-5,0)"
MiddleboroCubikon2023,16.4,d,B,2,UR0+ DR3- DL1+ UL4+ U6+ R3+ D4+ L4- ALL4+ y2 U2+ R2+ D4+ L1- ALL2- DR UL,15,"DL(-2,1) UL(1,0) U(1,4) L(0,-1) ul(2,2) /(-5,-1)"
MiddleboroCubikon2023,16.4,d,B,3,UR0+ DR4- DL3- UL4+ U2- R6+ D3- L3- ALL5- y2 U4- R2+ D1- L3- ALL3- UR UL,18,"DL(2,1) UL(-2,-4) R(-2,2) D(-4,-4) L(2,-2) dr(3,-1) /(-1,-1)"
MiddleboroCubikon2023,16.4,d,B,4,UR4+ DR0+ DL2+ UL0+ U4- R6+ D5- L4- ALL5+ y2 U6+ R4+ D3- L4- ALL1+ DL,16,"DR(2,0) DL(1,1) D(0,2) L(1,-1) dr(3,-3) ul(-2,4) \(3,1)"
MiddleboroCubikon2023,16.4,d,B,5,UR4- DR2- DL2- UL6+ U5- R6+ D1- L4+ ALL1- y2 U3- R2- D5- L2- ALL2+ UR DR DL UL,18,"DL(2,0) UL(2,0) U(1,-1) D(3,-3) dr(-3,-2) dl(-2,-2) ul(-3,0) /(-1,-2)"
OsloOpen2025,16.4,1,B,1,UR2- DR5- DL2+ UL3- U4+ R2+ D0+ L1+ ALL4+ y2 U4- R1+ D3+ L5- ALL5-,18,"UR(2,-2) DR(3,-3) U(-1,2) L(0,-1) ur(-4,-4) dl(-1,1) ul(-2,0) /(0,-3)"
OsloOpen2025,16.4,1,B,2,UR1+ DR4+ DL4- UL2- U3- R6+ D5- L0+ ALL2+ y2 U1+ R1- D4+ L4- ALL1+,18,"UR(1,-1) DR(0,-1) DL(5,0) U(3,-3) L(1,-1) dr(0,-3) dl(2,-2) ul(1,1) ALL(0,-1)"
OsloOpen2025,16.4,1,B,3,UR2- DR2+ DL5- UL1- U4- R5+ D4- L4- ALL1- y2 U3- R0+ D1- L5+ ALL3-,19,"UR(-5,3) DL(-2,-2) D(-3,3) ur(1,6) dr(-2,-1) /(1,1)"
OsloOpen2025,16.4,1,B,4,UR1- DR3+ DL3+ UL3- U2+ R2- D4- L3- ALL6+ y2 U3- R6+ D2+ L0+ ALL3+,19,"UR(2,2) DR(-2,0) R(0,-2) L(3,-3) dr(3,3) dl(1,-1) ul(1,-3) /(3,0)"
OsloOpen2025,16.4,1,B,5,UR1+ DR1- DL2+ UL3- U6+ R1+ D1- L1+ ALL2- y2 U2+ R1+ D0+ L0+ ALL1-,8,"UR(-1,1) U(-3,1) dl(0,-1) ul(0,2) \(0,-1)"
PanamaNationals2025,16.4,c,A,1,UR1+ DR3+ DL3+ UL4- U3+ R5+ D2- L4+ ALL4+ y2 U6+ R4- D2- L3- ALL4+,17,"DL(-3,0) R(3,-3) D(-1,-4) ur(0,-1) dr(-5,-2) ul(1,-1)"
PanamaNationals2025,16.4,c,A,2,UR6+ DR2+ DL3- UL2+ U3+ R5- D2- L0+ ALL1+ y2 U2- R0+ D4- L6+ ALL1+,17,"UR(-3,-4) DL(1,-1) U(4,-2) D(2,2) ur(2,-4) dr(2,-2)"
PanamaNationals2025,16.4,c,A,3,UR2+ DR6+ DL2+ UL1+ U2- R1+ D4+ L3- ALL3- y2 U5- R4- D4- L5- ALL3-,13,"U(-1,0) R(3,0) ur(1,-2) dr(-2,-3) dl(0,-1) ul(3,-3)"
PanamaNationals2025,16.4,c,A,4,UR3- DR0+ DL1+ UL5- U2- R0+ D4- L3+ ALL1+ y2 U2- R1+ D5+ L5- ALL6+,20,"UR(2,2) DL(1,-1) U(-4,-2) R(1,1) D(2,-2) dr(0,-5) /(-5,0)"
PanamaNationals2025,16.4,c,A,5,UR5+ DR2+ DL4+ UL1+ U5- R3+ D6+ L1- ALL0+ y2 U3- R2- D4+ L4+ ALL1-,15,"DR(2,0) DL(-2,2) UL(-1,-1) L(-1,1) ur(0,-1) dr(-1,4) ul(-2,-2) \(2,-1)"
PreNacionalesLaPaz2025,16.4,d,B,1,UR5- DR1+ DL2- UL2- U1- R3+ D3+ L5+ ALL2+ y2 U5- R1- D1+ L1- ALL2+,19,"UR(-4,0) DR(-2,0) R(-5,-1) D(0,-2) L(-1,1) ur(-2,-3) dr(-2,1)"
PreNacionalesLaPaz2025,16.4,d,B,2,UR0+ DR4- DL2+ UL0+ U3- R2+ D2+ L4- ALL1- y2 U5+ R0+ D1+ L1- ALL4-,16,"UR(2,0) UL(1,-5) U(0,1) D(0,5) L(1,-1) \(2,1)"
PreNacionalesLaPaz2025,16.4,d,B,3,UR4- DR1- DL4+ UL4- U3+ R1+ D1+ L1+ ALL3+ y2 U3+ R4+ D3+ L1- ALL4+,16,"UR(4,4) DL(-2,2) UL(1,1) D(-2,2) L(0,-1) dl(-3,3) ul(0,1) /(-2,1)"
PreNacionalesLaPaz2025,16.4,d,B,4,UR4- DR4- DL5- UL4+ U2+ R5+ D3- L5+ ALL1- y2 U2- R5+ D0+ L1+ ALL1+,18,"UR(0,-1) U(-2,0) R(3,-3) L(-4,-1) ur(-2,2) ul(-4,-4) \(-2,0)"
PreNacionalesLaPaz2025,16.4,d,B,5,UR0+ DR2- DL3+ UL4- U3- R3+ D1+ L2+ ALL4- y2 U4+ R3+ D3- L2+ ALL5-,13,"DR(-1,-1) DL(-1,0) U(-5,-3) L(0,1) ur(1,1) ul(-3,3) \(1,0)"
PrenacionalesCalimaCube2018,16.4,d,C,1,UR0+ DR2- DL3- UL5- U3+ R2+ D2+ L4- ALL6+ y2 U1- R1+ D1- L2- ALL1- UR DL,12,"U(2,-1) D(3,0) ur(0,-1) dr(-2,-1) dl(1,1) /(-3,-2)"
PrenacionalesCalimaCube2018,16.4,d,C,2,UR1- DR3+ DL5- UL2- U4- R3+ D1+ L4+ ALL1- y2 U3- R0+ D0+ L5- ALL1+ UR DL UL,18,"UR(5,4) UL(2,3) R(2,0) D(1,1) L(1,-1) ur(3,-4) ALL(0,2)"
PrenacionalesCalimaCube2018,16.4,d,C,3,UR3+ DR2+ DL5+ UL4- U3- R5- D2+ L1- ALL3- y2 U5+ R0+ D2- L0+ ALL1- DR DL,17,"U(4,1) D(3,2) ur(2,0) dl(3,-3) ul(3,3) \(0,-1) ALL(1,0)"
PrenacionalesCalimaCube2018,16.4,d,C,4,UR2+ DR1- DL6+ UL1- U1- R2- D0+ L2- ALL3- y2 U5+ R4+ D4+ L1+ ALL2- UR DR,16,"R(1,0) D(-5,-5) L(-3,3) ur(-2,-2) dl(0,4) /(-1,0)"
PrenacionalesCalimaCube2018,16.4,d,C,5,UR1- DR2+ DL5+ UL3- U1+ R6+ D1+ L6+ ALL3- y2 U5- R3- D4- L4- ALL4- UR DL UL,19,"UR(3,-3) DL(4,2) R(2,2) dr(3,-4) ul(-3,-5) /(1,0)"
RutaCuberaCheraOpen2025,16.4,d,A,1,UR1+ DR4+ DL2+ UL6+ U2- R5- D4- L4+ ALL5+ y2 U1+ R5- D0+ L4+ ALL5+,17,"UR(-2,1) DR(-2,3) UL(-3,2) R(4,-5) L(3,3) ur(1,1)"
RutaCuberaCheraOpen2025,16.4,d,A,2,UR5+ DR6+ DL0+ UL2- U5- R1- D5- L2+ ALL2+ y2 U4- R3+ D4+ L4- ALL3+,15,"UR(2,2) D(-1,1) ur(-1,4) dr(1,4) ul(-2,3) \(-1,0)"
RutaCuberaCheraOpen2025,16.4,d,A,3,UR0+ DR2- DL4+ UL6+ U5- R6+ D5+ L5+ ALL1- y2 U3+ R4+ D5+ L4+ ALL3-,17,"DR(-4,4) DL(-3,-1) U(-1,1) R(0,1) dr(4,4) ul(-3,3) /(1,1)"
RutaCuberaCheraOpen2025,16.4,d,A,4,UR6+ DR6+ DL2- UL2+ U5+ R1+ D4+ L2- ALL4- y2 U5- R3- D2+ L0+ ALL3-,16,"UR(-1,1) DL(3,3) D(1,0) L(-1,0) dl(0,2) ul(-3,-5) /(-3,2)"
RutaCuberaCheraOpen2025,16.4,d,A,5,UR3+ DR2- DL3- UL4- U1- R1+ D3+ L3+ ALL6+ y2 U0+ R4- D2+ L4+ ALL3-,17,"DL(2,-3) UL(2,2) R(-2,-2) dr(-2,4) dl(-3,-2) \(-3,0)"
SESISantos2023,16.4,f,B,1,UR2+ DR2- DL0+ UL0+ U2- R2- D1- L5- ALL4- y2 U1- R3- D1+ L6+ ALL3- DR UL,16,"R(2,-3) D(3,-1) L(5,5) dr(1,1) dl(2,0) /(0,-1) \(1,-1)"
SESISantos2023,16.4,f,B,2,UR4- DR5- DL1+ UL4+ U2- R4- D1+ L4+ ALL1+ y2 U3- R2- D3- L1- ALL4+ DR DL,17,"DR(1,-2) DL(1,-4) UL(2,-2) D(1,-3) dr(-1,-1) dl(0,-2) \(0,-3)"
SESISantos2023,16.4,f,B,3,UR4- DR3- DL6+ UL4+ U1+ R5+ D3- L4+ ALL3- y2 U3+ R6+ D5- L1- ALL6+ UR DR DL UL,16,"DR(2,2) UL(-1,-2) R(0,-1) D(-2,3) L(-1,-1) dl(-5,-5) \(1,1) ALL(-1,0)"
SESISantos2023,16.4,f,B,4,UR4+ DR2- DL5+ UL4+ U3- R1+ D3- L2+ ALL3- y2 U4- R3- D3+ L0+ ALL6+ DR,14,"UR(-3,3) DL(0,-1) U(-2,3) D(0,-1) L(1,0) ul(-3,-3) \(2,1)"
SESISantos2023,16.4,f,B,5,UR6+ DR2+ DL2- UL1+ U1+ R1- D4- L1+ ALL0+ y2 U1+ R0+ D5+ L5+ ALL0+ DR,19,"UR(5,-1) DL(1,-1) UL(-1,-5) D(3,1) dr(0,5)"
SoutheastTexasWinter2019,16.4,f,A,1,UR1+ DR5+ DL3+ UL2- U3- R6+ D6+ L1- ALL3+ y2 U1+ R1+ D2- L2- ALL4+ UR UL,11,"DL(-2,1) UL(2,2) U(2,0) ur(1,0) dr(1,-2) ul(1,1) ALL(1,0)"
SoutheastTexasWinter2019,16.4,f,A,2,UR5- DR5+ DL1- UL2+ U4+ R1- D3+ L4+ ALL2- y2 U3+ R6+ D4+ L0+ ALL4- UR DR DL UL,18,"UR(1,0) DL(-3,0) UL(-2,2) D(-4,1) dl(-4,4) ul(1,2) /(2,0)"
SoutheastTexasWinter2019,16.4,f,A,3,UR6+ DR5- DL4+ UL1- U4- R5+ D2- L0+ ALL3- y2 U2+ R1+ D5+ L4- ALL5- UR UL,21,"UR(-1,-1) DR(-5,0) DL(-3,3) U(0,-3) D(-1,1) dr(0,-4) ul(-2,1) /(0,2)"
SoutheastTexasWinter2019,16.4,f,A,4,UR4- DR1- DL2- UL6+ U4- R3+ D1+ L3+ ALL5- y2 U1+ R5+ D0+ L2- ALL4- DL,15,"UR(0,2) DL(2,-2) UL(2,-2) R(2,2) L(1,0) dr(-2,-2) dl(-2,2) ul(0,1) \(0,-1)"
SoutheastTexasWinter2019,16.4,f,A,5,UR6+ DR3+ DL1- UL4+ U5- R1+ D1- L5+ ALL5+ y2 U2+ R2+ D1- L3+ ALL1+ DR UL,17,"DL(-1,0) UL(5,-4) U(2,-2) R(2,2) ur(2,2) dr(1,1) /(-4,-4)"
SouthernUtahFallOpen2019,16.4,d,A,1,UR1- DR3- DL4- UL1+ U2- R4+ D3- L2+ ALL1+ y2 U2+ R1- D0+ L2+ ALL5+ UR,14,"UR(0,-1) UL(1,-1) U(1,-1) D(-2,2) dr(2,2) dl(3,-1) /(0,-4)"
SouthernUtahFallOpen2019,16.4,d,A,2,UR2+ DR5- DL3+ UL2+ U6+ R0+ D3+ L2- ALL6+ y2 U3+ R0+ D4+ L6+ ALL1+ DL UL,17,"UR(3,-3) DL(-1,0) UL(-2,1) U(1,1) ur(-3,3) dr(3,3) \(-4,-3)"
SouthernUtahFallOpen2019,16.4,d,A,3,UR3+ DR4- DL1+ UL6+ U6+ R0+ D2- L1- ALL5- y2 U6+ R5- D1+ L1- ALL3- UR DR UL,18,"DL(-4,4) UL(-2,0) U(-1,1) R(1,-1) D(-3,-1) ur(-1,-1) ul(-4,-4) \(-2,0)"
SouthernUtahFallOpen2019,16.4,d,A,4,UR3- DR5- DL2- UL0+ U1- R6+ D3+ L1+ ALL5+ y2 U4- R1- D2- L2- ALL2-,16,"UR(1,0) DR(1,1) UL(1,-3) U(2,0) D(3,-3) dr(2,-2) ul(0,-1) \(-2,-3)"
SouthernUtahFallOpen2019,16.4,d,A,5,UR2+ DR5- DL1- UL4- U5+ R1- D4+ L0+ ALL4+ y2 U1- R2- D1- L0+ ALL2+ UR DL,17,"UR(4,-4) DL(2,2) UL(3,-2) U(2,0) dl(0,-1) ul(-1,-1) /(-2,4)"
SriLankanNationals2024,16.4,c,B,1,UR1+ DR5+ DL2+ UL5+ U1- R5+ D6+ L1- ALL2- y2 U1- R4+ D2+ L4+ ALL5-,18,"UR(0,1) UL(-5,5) R(1,2) D(-1,-1) L(-1,4) dl(-2,2) /(0,3)"
SriLankanNationals2024,16.4,c,B,2,UR4- DR6+ DL3- UL0+ U5- R0+ D0+ L5+ ALL0+ y2 U2+ R2+ D6+ L5+ ALL6+,17,"UR(-1,2) DR(-1,1) UL(-2,0) D(-2,2) L(0,1) dr(0,4) dl(-2,2) /(-3,-3)"
SriLankanNationals2024,16.4,c,B,3,UR1+ DR6+ DL1- UL0+ U5- R5+ D6+ L2- ALL2+ y2 U2+ R2- D2- L2+ ALL5+,17,"DL(-1,-1) UL(4,2) D(2,0) ur(3,2) dl(-1,-2) \(5,4)"
SriLankanNationals2024,16.4,c,B,4,UR3+ DR2+ DL1- UL2+ U4+ R2- D2+ L1+ ALL1- y2 U4- R3+ D1- L2+ ALL0+,17,"DR(-3,3) U(3,-3) R(0,1) D(0,-4) L(-2,2) dl(2,2) \(1,-1) ALL(1,0)"
SriLankanNationals2024,16.4,c,B,5,UR2+ DR2+ DL6+ UL4+ U4- R4- D4+ L5+ ALL3+ y2 U5- R2- D0+ L3- ALL2+,13,"UL(-2,0) L(-1,0) ur(-5,-3) ul(2,-2) /(0,-1) ALL(0,-2)"
StavropolOpen2019,16.4,c,A,1,UR4+ DR1+ DL0+ UL2+ U5+ R0+ D0+ L5- ALL3+ y2 U3- R1- D3+ L2- ALL5+ UR DL UL,16,"UR(-2,1) DR(-3,3) DL(2,0) U(3,3) L(1,0) ur(1,-2) ul(0,-1) \(0,-2)"
StavropolOpen2019,16.4,c,A,2,UR6+ DR0+ DL6+ UL5+ U4+ R4- D5- L2+ ALL6+ y2 U6+ R4- D6+ L3+ ALL2- UR UL,18,"UR(-1,0) DR(-1,-1) U(-2,1) L(-1,0) ur(0,2) dr(0,1) dl(-3,4) ul(2,4) /(-2,-2)"
StavropolOpen2019,16.4,c,A,3,UR5+ DR0+ DL2- UL1+ U5+ R5- D2+ L5+ ALL5+ y2 U4+ R1- D2- L1+ ALL5- DR UL,13,"UL(-1,0) U(2,-1) L(-3,-3) ur(-1,4) dl(-1,-1) /(0,-2)"
StavropolOpen2019,16.4,c,A,4,UR6+ DR6+ DL6+ UL1+ U2- R3- D1+ L5- ALL4- y2 U1+ R6+ D3- L2- ALL1+ UR UL,19,"UR(0,-1) DL(-1,0) UL(-1,0) U(-4,-3) R(3,3) ur(2,-2) ul(3,3) \(4,3)"
StavropolOpen2019,16.4,c,A,5,UR4- DR3+ DL0+ UL1- U4- R6+ D3- L1+ ALL4- y2 U0+ R4+ D1- L3- ALL2- DR DL UL,16,"UR(-3,-3) R(-2,2) ur(3,-2) dr(1,-1) dl(3,0) ul(2,2) ALL(2,0)"
AlMadarOpen2025,16.6,c,A,1,UR4+ DR5+ DL2+ UL3+ U3+ R2- D0+ L1+ ALL3+ y2 U1+ R2+ D3+ L3+ ALL0+,18,"DR(5,4) UL(2,0) L(4,1) dr(2,2) dl(1,1) ul(0,1) \(3,0)"
AlMadarOpen2025,16.6,c,A,2,UR5- DR3- DL2- UL2- U5- R6+ D3+ L6+ ALL4+ y2 U2+ R2+ D4+ L4+ ALL5+,11,"DR(2,-2) U(0,1) L(-2,1) ur(1,2) dr(0,1) dl(-2,2) \(-1,0)"
AlMadarOpen2025,16.6,c,A,3,UR6+ DR5- DL0+ UL6+ U3- R5- D5+ L5- ALL3- y2 U4+ R2- D1- L2- ALL5-,17,"UR(3,3) R(1,-2) D(0,4) L(-1,-1) dr(1,-1) ul(1,0) /(2,0) \(-3,3)"
AlMadarOpen2025,16.6,c,A,4,UR3+ DR1+ DL6+ UL2- U3- R5- D3+ L5+ ALL5+ y2 U0+ R4+ D2- L1+ ALL6+,17,"UR(1,-1) DL(2,0) U(1,-5) D(0,-1) L(1,1) dl(4,3) ul(2,1) \(0,-1)"
AlMadarOpen2025,16.6,c,A,5,UR4+ DR4- DL2+ UL2+ U6+ R4+ D1- L1- ALL6+ y2 U4- R1- D4- L2- ALL3-,20,"UR(-1,-1) DR(-3,1) DL(-3,3) U(1,-2) D(-3,-3) dr(0,-2) ul(3,-1) ALL(0,3)"
ArenaBSBdeCuboMagico2019,16.6,f,B,1,UR0+ DR0+ DL2+ UL0+ U1+ R6+ D3+ L2+ ALL0+ y2 U0+ R1+ D1+ L0+ ALL3+ DR,14,"UR(-1,1) DR(-1,1) DL(-4,3) R(-4,0) dl(-2,1) \(-2,-1)"
ArenaBSBdeCuboMagico2019,16.6,f,B,2,UR3+ DR4+ DL3+ UL5- U1+ R0+ D5- L5- ALL4- y2 U5+ R1+ D1+ L6+ ALL4- UR DL,19,"DR(5,-3) DL(5,-5) UL(1,-2) L(1,1) ur(-4,4) dr(0,1) ul(0,1)"
ArenaBSBdeCuboMagico2019,16.6,f,B,3,UR4+ DR2+ DL2+ UL1- U1+ R3+ D6+ L0+ ALL5- y2 U2+ R1+ D4+ L2+ ALL5- UR DL,16,"UR(-1,-1) DR(4,2) UL(-1,0) U(-2,2) D(-2,1) dr(0,2) ul(-1,1) \(3,-3)"
ArenaBSBdeCuboMagico2019,16.6,f,B,4,UR2+ DR6+ DL2- UL2+ U3- R5+ D0+ L4+ ALL0+ y2 U2+ R4+ D4- L5+ ALL5+ UR DR DL UL,18,"UR(-1,1) DL(-4,4) D(0,1) ur(0,1) dr(4,4) dl(1,4) /(-2,-3)"
ArenaBSBdeCuboMagico2019,16.6,f,B,5,UR5+ DR2+ DL2+ UL2+ U1- R4- D4- L5+ ALL1+ y2 U1+ R0+ D3- L1+ ALL2+ DR DL UL,16,"UR(-3,1) U(-3,-1) L(3,2) ur(1,1) dr(2,-2) dl(3,0) ALL(1,0)"
ArkansolveFall2025,16.6,d,B,1,UR4+ DR0+ DL4+ UL1+ U6+ R2- D4- L3+ ALL4+ y2 U5- R3- D1+ L4- ALL6+,14,"U(1,1) R(-2,-2) L(4,0) ur(4,-4) ul(0,-1) ALL(1,1)"
ArkansolveFall2025,16.6,d,B,2,UR1- DR3+ DL2- UL4- U5+ R0+ D0+ L6+ ALL4- y2 U2+ R2- D4- L3+ ALL2-,14,"DR(-2,-3) DL(1,0) L(-1,3) ur(-2,2) dr(0,-2) dl(2,-2) /(-1,-1)"
ArkansolveFall2025,16.6,d,B,3,UR2- DR3+ DL2+ UL3- U4+ R6+ D2- L1+ ALL4+ y2 U6+ R3- D5+ L0+ ALL3+,19,"U(1,-1) R(5,0) D(-3,3) ur(-2,3) dr(-3,-3) dl(0,-3) \(1,0)"
ArkansolveFall2025,16.6,d,B,4,UR6+ DR6+ DL4- UL5+ U0+ R1+ D0+ L3+ ALL5- y2 U4- R6+ D5- L3- ALL2-,20,"DR(-1,-2) DL(-1,0) U(1,-1) L(-3,-1) ur(-1,-2) dl(0,-4) ul(0,-2) /(5,4)"
ArkansolveFall2025,16.6,d,B,5,UR3- DR4- DL3+ UL5+ U1+ R3- D2+ L1+ ALL5+ y2 U3- R1- D0+ L1- ALL6+,16,"DL(-3,-3) UL(-4,-4) U(1,0) R(-2,0) D(2,-2) L(-2,-1) ul(0,-1) ALL(1,0)"
BaguioSpeedcubingOpen2023,16.6,1,A,1,UR3+ DR4- DL1+ UL1+ U0+ R1- D2+ L1+ ALL5- y2 U0+ R3- D6+ L1- ALL3- DR UL,15,"UR(1,-2) DR(1,-1) UL(-3,-2) U(-2,-2) dr(1,-1) dl(4,-3) \(0,-2)"
BaguioSpeedcubingOpen2023,16.6,1,A,2,UR2- DR3- DL6+ UL3+ U5+ R4- D1- L1- ALL5+ y2 U4- R2- D4- L2- ALL3- UR DR,20,"UR(-2,-2) U(-4,-4) R(-1,1) D(-2,-1) L(4,-2) ul(-3,-3) /(0,-4)"
BaguioSpeedcubingOpen2023,16.6,1,A,3,UR2+ DR1+ DL3- UL4+ U2- R1- D5- L1+ ALL3+ y2 U1- R1- D1+ L3- ALL4+ UR DL,14,"DR(-2,2) UL(-2,-1) U(-2,1) R(0,-1) D(-3,2) ur(-2,-3) \(-1,0)"
BaguioSpeedcubingOpen2023,16.6,1,A,4,UR3+ DR5- DL2+ UL3- U3+ R5+ D1- L0+ ALL5+ y2 U2- R1+ D2+ L1+ ALL5- DL UL,13,"UR(-3,2) DL(1,-1) D(3,-2) dr(1,1) dl(-1,1) \(2,-4)"
BaguioSpeedcubingOpen2023,16.6,1,A,5,UR2+ DR6+ DL5- UL2+ U2+ R6+ D0+ L4+ ALL5+ y2 U3- R3- D4+ L4+ ALL1+ DL UL,21,"UR(-2,2) DL(-1,-4) U(-4,0) dr(-1,4) ul(-2,-3) /(0,4)"
Bucaramanga2023,16.6,c,A,1,UR4+ DR2- DL3- UL3- U5- R1- D1+ L3- ALL1+ y2 U1- R1- D1- L5- ALL1+ DR DL UL,15,"DL(4,2) UL(2,-1) U(2,-1) R(-1,-1) L(3,-4) ur(0,-1) \(1,-1)"
Bucaramanga2023,16.6,c,A,2,UR5+ DR1- DL3- UL4- U1- R3- D6+ L4- ALL5- y2 U5- R6+ D4- L2+ ALL5+ DR,18,"DR(-1,-1) DL(-1,0) D(0,-5) dr(-3,2) dl(3,6) /(0,2)"
Bucaramanga2023,16.6,c,A,3,UR0+ DR3+ DL5+ UL3+ U1+ R2- D2+ L6+ ALL3- y2 U4- R3+ D4+ L3- ALL1- UR DR,15,"UR(-1,-1) DL(1,-1) UL(-3,3) U(0,1) D(1,-1) ur(0,-3) dl(-1,3) /(0,-2)"
Bucaramanga2023,16.6,c,A,4,UR2+ DR1- DL1+ UL1+ U1- R4- D1+ L0+ ALL5- y2 U5- R0+ D0+ L5+ ALL5- UR DL,16,"UR(3,3) DL(-1,0) UL(-1,-1) U(-4,0) L(0,-2) ur(-3,-5)"
Bucaramanga2023,16.6,c,A,5,UR5- DR4- DL1- UL3+ U1- R5- D4+ L6+ ALL2+ y2 U3+ R1- D5+ L3+ ALL0+ DR UL,19,"UR(2,-3) DL(1,0) U(1,1) R(0,-1) L(3,-4) ur(3,3) dr(3,4) ALL(0,-2)"
CanberraAutumn2015,16.6,c,B,1,UR2- DR6+ DL2+ UL0+ U5+ R5- D4- L2+ ALL4- y2 U3- R3- D2+ L5+ ALL3- UR UL,16,"UL(-3,-1) R(1,-1) D(-4,-3) L(-1,1) dr(-2,4) dl(-2,-2) /(-1,0)"
CanberraAutumn2015,16.6,c,B,2,UR4- DR1- DL2+ UL6+ U1- R3+ D5+ L5- ALL4+ y2 U4- R2+ D5+ L1+ ALL3+ UR DL UL,19,"UR(1,1) DR(1,5) DL(-3,-1) U(-2,2) D(-4,-4) dr(0,1) dl(-2,2) \(0,1)"
CanberraAutumn2015,16.6,c,B,3,UR5- DR3+ DL6+ UL3+ U0+ R0+ D1+ L3+ ALL5- y2 U4+ R0+ D4- L1- ALL2- DR UL,14,"UR(2,-2) U(0,-1) D(2,2) ur(-3,2) dr(3,-3) /(0,-1) ALL(2,0)"
CanberraAutumn2015,16.6,c,B,4,UR3+ DR6+ DL3+ UL6+ U2- R4+ D0+ L5- ALL1- y2 U2+ R2- D3+ L1- ALL1-,18,"UR(-2,2) DR(1,1) UL(-5,-5) U(0,3) R(0,-2) D(2,3) L(1,0) ur(1,-1)"
CanberraAutumn2015,16.6,c,B,5,UR2+ DR3+ DL5- UL2- U1- R5- D2+ L5+ ALL1+ y2 U4- R2+ D2- L5- ALL3- UR DR,16,"DR(-2,-2) DL(2,-2) U(1,-1) R(2,2) ur(-3,-4) dr(0,-1) ALL(0,-4)"
CartagenaOpen2025,16.6,c,B,1,UR3+ DR4+ DL3- UL1+ U5- R6+ D3+ L3+ ALL6+ y2 U0+ R2+ D1- L4+ ALL5+,16,"UR(1,0) DR(-2,2) D(-2,2) L(-1,-3) ur(-3,-4) dr(0,-1) ul(0,2) /(1,0)"
CartagenaOpen2025,16.6,c,B,2,UR3+ DR1- DL0+ UL4- U0+ R0+ D0+ L2+ ALL2+ y2 U2- R2- D0+ L1+ ALL2-,14,"UR(-1,-1) DR(0,-1) UL(2,0) R(-1,-1) D(1,-2) dr(-1,1) dl(2,-1) ALL(-4,0)"
CartagenaOpen2025,16.6,c,B,3,UR3- DR6+ DL5+ UL1+ U2+ R5- D0+ L5- ALL4- y2 U3+ R4+ D3+ L0+ ALL6+,15,"UR(2,-5) UL(-1,1) U(-1,1) D(1,1) dl(-1,2) ul(3,2) \(0,2)"
CartagenaOpen2025,16.6,c,B,4,UR2- DR3+ DL4- UL5- U3+ R6+ D5- L5+ ALL2- y2 U3- R2- D5+ L1- ALL1-,21,"DR(5,-5) UL(4,4) U(0,5) D(1,0) ur(-1,-1) ul(2,-2) /(2,-3)"
CartagenaOpen2025,16.6,c,B,5,UR6+ DR6+ DL2- UL2+ U4+ R5- D6+ L2+ ALL2+ y2 U0+ R5+ D5+ L0+ ALL1-,17,"DR(5,3) DL(-2,0) D(-1,0) dl(5,5) /(-1,1) ALL(-3,0)"
ClocktoberClassicNY2025,16.6,2,A,1,UR1- DR4+ DL2- UL0+ U4- R3+ D1- L6+ ALL3+ y2 U3+ R0+ D4- L4+ ALL0+,21,"UR(5,-5) DL(0,1) R(1,0) D(-1,3) L(-4,-4) dr(0,-4) \(3,0)"
ClocktoberClassicNY2025,16.6,2,A,2,UR5- DR0+ DL6+ UL1+ U4+ R3- D6+ L5+ ALL1+ y2 U1- R1+ D1+ L2+ ALL2-,16,"UR(-1,3) DL(0,3) U(1,1) R(-3,2) L(0,2) ul(0,-1) /(0,3)"
ClocktoberClassicNY2025,16.6,2,A,3,UR5- DR2- DL5- UL4+ U4+ R6+ D6+ L6+ ALL6+ y2 U4+ R1+ D3+ L6+ ALL5-,14,"DR(1,1) UL(-3,1) L(-2,0) ur(-3,4) dr(0,2) dl(0,1) \(-1,0)"
ClocktoberClassicNY2025,16.6,2,A,4,UR0+ DR0+ DL4- UL0+ U3+ R5+ D1- L5+ ALL5- y2 U1- R2- D0+ L2+ ALL4-,14,"UR(-3,-1) R(-2,-2) D(5,-3) L(-1,0) ur(-2,2) /(0,-1)"
ClocktoberClassicNY2025,16.6,2,A,5,UR4- DR1+ DL0+ UL6+ U5- R4+ D4- L3+ ALL2+ y2 U5+ R2- D1+ L3- ALL3-,18,"DL(3,1) U(3,0) R(-1,1) ur(0,-4) dr(1,1) ul(0,-3) \(3,2)"
ColoradoSpringsSummer2025,16.6,f,B,1,UR4- DR0+ DL6+ UL1- U1- R1+ D3+ L3+ ALL1- y2 U4- R2- D1- L1+ ALL0+,15,"UR(3,-4) DL(1,0) UL(3,2) U(0,-1) D(2,-2) L(0,1) ul(-2,-2) \(-1,0)"
ColoradoSpringsSummer2025,16.6,f,B,2,UR4+ DR3- DL3- UL5- U6+ R1+ D3- L0+ ALL4- y2 U1- R6+ D2+ L3- ALL0+,21,"UR(-4,-4) DL(-3,-3) UL(-1,0) R(2,2) ur(0,-3) dl(0,2) ul(1,2) \(0,-4)"
ColoradoSpringsSummer2025,16.6,f,B,3,UR6+ DR4- DL1- UL3- U6+ R6+ D6+ L5- ALL1- y2 U1+ R3- D4+ L4- ALL0+,19,"UR(3,-2) DR(0,-3) DL(-1,-1) R(1,-3) L(-2,3) ur(1,1) dr(0,4) /(0,-1)"
ColoradoSpringsSummer2025,16.6,f,B,4,UR4- DR4+ DL5- UL0+ U3+ R1+ D0+ L3+ ALL2+ y2 U1+ R4+ D4+ L2+ ALL0+,12,"UR(-1,1) DL(1,0) UL(2,2) L(-1,1) ur(-1,1) dl(-4,4) \(0,2)"
ColoradoSpringsSummer2025,16.6,f,B,5,UR1- DR6+ DL4- UL0+ U1- R3+ D6+ L1+ ALL0+ y2 U4+ R2+ D4+ L2+ ALL0+,16,"DR(4,4) DL(1,0) UL(2,0) D(-1,4) ur(-1,0) dr(-2,2) dl(-1,2)"
CubeCampinSuanPhueng2025,16.6,d,C,1,UR4+ DR1+ DL0+ UL2- U2+ R2- D2+ L2- ALL1- y2 U3- R2- D4- L1- ALL4-,18,"UR(-2,-2) DR(-1,-2) U(-2,-2) D(-2,-2) L(4,0) ur(0,-1) dl(1,-2) ALL(0,-3)"
CubeCampinSuanPhueng2025,16.6,d,C,2,UR6+ DR2- DL3+ UL6+ U4+ R1- D4- L4+ ALL1- y2 U4+ R2+ D3- L1+ ALL1-,16,"UR(-3,-1) U(-1,-1) D(3,0) L(-1,1) dl(1,-2) ul(0,4) /(-2,2)"
CubeCampinSuanPhueng2025,16.6,d,C,3,UR3+ DR3- DL1+ UL4+ U5- R1+ D5+ L5- ALL1+ y2 U4+ R1+ D2+ L3+ ALL2+,14,"UR(-2,1) DR(1,2) DL(0,1) R(0,1) D(-4,4) L(0,1) dr(2,2) ALL(1,0)"
CubeCampinSuanPhueng2025,16.6,d,C,4,UR0+ DR0+ DL3+ UL3+ U4- R0+ D1+ L4+ ALL4+ y2 U1- R3+ D3+ L3- ALL2+,17,"UR(1,1) DR(-1,3) DL(-2,-1) R(0,1) D(-1,-1) L(4,-4) dr(0,1) dl(0,2) /(0,2)"
CubeCampinSuanPhueng2025,16.6,d,C,5,UR3+ DR3+ DL5+ UL5- U1- R4- D5+ L2- ALL1- y2 U2+ R6+ D4- L1- ALL3+,18,"DR(-2,-1) DL(1,0) U(3,4) L(1,-1) dl(5,4) ul(3,2) /(-2,-2)"
CubeFactoryBrzeziny2024,16.6,2,B,1,UR2+ DR4- DL0+ UL4+ U6+ R4- D5- L3+ ALL1+ y2 U6+ R2+ D0+ L4+ ALL0+,20,"UR(-5,-1) DR(-1,-1) UL(5,-5) D(-2,0) ur(0,4) ul(0,2) /(0,1)"
CubeFactoryBrzeziny2024,16.6,2,B,2,UR2+ DR2- DL1+ UL0+ U1- R3+ D4+ L1- ALL1+ y2 U1+ R3- D2+ L6+ ALL0+,14,"UR(-1,0) R(-2,-2) D(-3,2) L(0,4) dr(-1,2) ul(0,-1) /(0,1)"
CubeFactoryBrzeziny2024,16.6,2,B,3,UR1- DR6+ DL2- UL5+ U2- R3- D4- L1- ALL2+ y2 U4- R1- D1+ L6+ ALL3+,16,"DR(-2,1) UL(-2,2) D(2,-2) L(0,6) dl(0,1) ul(2,-2) /(0,-1)"
CubeFactoryBrzeziny2024,16.6,2,B,4,UR4+ DR0+ DL2+ UL4- U0+ R2- D1- L3+ ALL1+ y2 U2- R2- D6+ L3+ ALL3+,17,"UR(-2,0) UL(2,2) U(0,-4) D(-1,-2) L(-3,3) dl(2,-2) /(-1,0) \(0,-1)"
CubeFactoryBrzeziny2024,16.6,2,B,5,UR3- DR5- DL5+ UL2- U1+ R4- D1- L2- ALL3+ y2 U1- R1+ D0+ L1- ALL0+,16,"DR(1,2) DL(0,1) U(4,0) R(-1,1) L(-1,0) ur(-2,-1) \(-5,-4)"
CubingComicfestCali2025,16.6,d,A,1,UR1- DR4- DL5- UL2+ U2- R5- D5- L0+ ALL0+ y2 U1- R4- D3+ L4+ ALL2+,14,"DR(0,1) DL(2,2) UL(1,1) R(-2,-2) ur(-1,1) dr(0,3) ul(-2,-2) \(-2,0)"
CubingComicfestCali2025,16.6,d,A,2,UR1- DR4+ DL1+ UL0+ U2- R5- D1- L2- ALL3- y2 U4- R3- D1- L1- ALL5-,14,"UR(1,1) DL(-1,0) UL(2,2) R(1,-2) D(-3,-3) ur(-2,-1) dl(-1,-1) \(0,2)"
CubingComicfestCali2025,16.6,d,A,3,UR0+ DR0+ DL1+ UL5+ U4- R1- D3- L2- ALL2+ y2 U3- R3+ D2+ L1- ALL6+,18,"UR(1,0) DR(0,1) UL(-4,0) U(2,2) R(0,3) D(2,-2) ur(1,-1) ALL(0,4)"
CubingComicfestCali2025,16.6,d,A,4,UR3- DR5+ DL6+ UL1+ U1+ R2- D5+ L2+ ALL2+ y2 U0+ R4+ D1- L1+ ALL1+,18,"DL(3,0) U(1,-1) R(0,1) D(5,-3) L(0,1) ul(1,3) \(-3,4)"
CubingComicfestCali2025,16.6,d,A,5,UR1+ DR5- DL6+ UL5+ U3+ R5+ D2- L6+ ALL3- y2 U2- R3- D1+ L2- ALL4-,19,"UR(3,-1) DR(-4,2) DL(5,4) U(0,1) R(0,-1) L(2,-2) ul(2,-2) \(0,1)"
CubinginHD2024,16.6,f,A,1,UR5+ DR5+ DL2+ UL3- U1- R4+ D5+ L3- ALL1+ y2 U1- R3- D4+ L3+ ALL1-,17,"UR(-1,-2) R(-1,-2) L(4,-1) dr(-2,4) ul(-1,-1) /(-2,4)"
CubinginHD2024,16.6,f,A,2,UR3- DR1- DL0+ UL1- U5- R4+ D2+ L1+ ALL2+ y2 U2- R0+ D0+ L0+ ALL1+,12,"U(-3,-1) D(-1,-1) ur(-1,-1) dr(-1,1) dl(-5,0) /(0,1)"
CubinginHD2024,16.6,f,A,3,UR4- DR5+ DL5- UL5+ U4- R6+ D5- L5- ALL2- y2 U3+ R4- D0+ L2+ ALL1-,18,"UR(0,-2) DR(3,-3) DL(2,-2) UL(3,-3) R(2,-4) D(0,1) ur(-1,2) \(0,-1)"
CubinginHD2024,16.6,f,A,4,UR1- DR4+ DL5+ UL4+ U3- R3+ D1- L6+ ALL0+ y2 U6+ R2- D3+ L4+ ALL1+,20,"DR(5,5) DL(-3,1) U(0,1) R(1,-2) D(2,4) ur(2,2) dr(0,2) \(0,-1)"
CubinginHD2024,16.6,f,A,5,UR4+ DR0+ DL0+ UL2+ U1+ R4+ D1+ L0+ ALL1+ y2 U0+ R5- D3- L1- ALL2-,16,"UR(3,3) DR(1,1) DL(-2,0) U(2,2) L(0,-1) dl(5,-5) \(2,1)"
CubingintheClouds2023,16.6,2,B,1,UR5+ DR6+ DL3+ UL4+ U0+ R2+ D1- L5- ALL2- y2 U4+ R2- D5- L4- ALL3+ DL,21,"UR(-1,-1) U(4,-4) R(0,-2) D(4,4) L(-2,-3) dr(1,-1) ul(2,0) \(4,3)"
CubingintheClouds2023,16.6,2,B,2,UR6+ DR1- DL2+ UL1- U6+ R5+ D0+ L4- ALL3- y2 U5+ R5+ D1- L3- ALL1- UL,18,"UR(2,2) UL(-1,0) R(0,3) D(-1,1) L(4,-4) ur(2,2) dr(0,-1) ul(-2,2) \(-2,0)"
CubingintheClouds2023,16.6,2,B,3,UR5+ DR3- DL1+ UL2- U0+ R3+ D0+ L1- ALL3- y2 U3- R1- D2- L1+ ALL1- UR DR DL UL,14,"UR(-5,1) UL(1,-1) U(1,-2) D(2,-2) L(1,1) ul(0,-1) \(0,-2)"
CubingintheClouds2023,16.6,2,B,4,UR2- DR2+ DL1- UL5- U4+ R2+ D1+ L6+ ALL5- y2 U2+ R0+ D1+ L1+ ALL5- DR DL,10,"UR(1,-1) DR(-2,-2) U(2,1) R(-1,-1) ur(0,1) dr(-2,0) ul(0,1)"
CubingintheClouds2023,16.6,2,B,5,UR5- DR4- DL3+ UL1- U5- R3- D4+ L3+ ALL2- y2 U5+ R6+ D4+ L2- ALL2+ DR UL,20,"UL(-1,-2) R(0,2) D(-3,3) L(-4,-4) ur(-3,2) dl(-1,4) /(-2,-2)"
DontBeaSquareBogota2023,16.6,1,A,1,UR2- DR3+ DL0+ UL2- U2+ R1- D5- L4+ ALL3- y2 U6+ R3+ D5- L4+ ALL5- DR DL UL,16,"U(2,-5) D(2,0) L(-2,1) ur(-1,3) ul(2,3) /(1,1)"
DontBeaSquareBogota2023,16.6,1,A,2,UR3+ DR1+ DL0+ UL0+ U2- R1- D5- L3- ALL2- y2 U4+ R5- D2+ L4- ALL3- UR,18,"UL(-1,0) R(-3,4) D(4,3) L(4,-4) ur(1,0) dl(2,2) ul(1,1) \(1,0)"
DontBeaSquareBogota2023,16.6,1,A,3,UR3+ DR3- DL1- UL2- U0+ R1+ D4- L3+ ALL4- y2 U3- R0+ D5- L4+ ALL4- UR DR UL,14,"UR(-1,0) U(0,2) D(-4,-2) dr(-3,4) dl(2,1) ul(1,-1)"
DontBeaSquareBogota2023,16.6,1,A,4,UR2- DR3- DL5+ UL3- U3+ R5- D4+ L2+ ALL6+ y2 U5+ R5- D1- L4+ ALL1- UR DL,20,"DL(-4,4) U(2,0) R(-2,-4) D(-2,1) ur(2,4) dl(0,-1) /(-3,-2)"
DontBeaSquareBogota2023,16.6,1,A,5,UR5- DR1- DL6+ UL5- U1+ R6+ D5- L4+ ALL6+ y2 U0+ R4+ D6+ L1- ALL5- UR DR UL,15,"UL(-3,0) L(-2,-3) dr(3,2) dl(-3,4) \(-2,1)"
EZCubesSpring2017,16.6,c,B,1,UR2+ DR4- DL6+ UL4+ U4+ R4- D6+ L1- ALL4+ y2 U3- R2- D5- L5- ALL3+ DL,18,"DR(4,-3) UL(3,-2) U(-1,-1) R(2,0) ur(3,-3) dr(-2,-2) dl(-2,-2) /(0,1)"
EZCubesSpring2017,16.6,c,B,2,UR5+ DR5- DL4+ UL6+ U3- R2+ D5- L0+ ALL3- y2 U2+ R2+ D2+ L3- ALL5- UR DR DL UL,19,"DR(-2,-1) DL(-3,3) UL(4,5) U(0,1) D(-1,1) L(1,-3) dl(0,1) ul(0,1) /(0,2)"
EZCubesSpring2017,16.6,c,B,3,UR5- DR2- DL1+ UL3- U4- R3- D0+ L1+ ALL2- y2 U1+ R1+ D1- L1- ALL5- DL,12,"UR(-2,-2) DL(1,1) U(2,-1) L(0,-1) ul(0,1) \(4,-2) ALL(0,-1)"
EZCubesSpring2017,16.6,c,B,4,UR2- DR2- DL5- UL1- U2- R2- D4+ L4+ ALL3+ y2 U1- R2+ D4+ L0+ ALL2+ UR UL,16,"UR(5,2) DR(1,0) DL(2,2) U(0,1) ur(-3,-1) dr(-1,1) dl(0,2) ALL(-1,0)"
EZCubesSpring2017,16.6,c,B,5,UR6+ DR4- DL5- UL0+ U5- R3+ D0+ L4- ALL2- y2 U2- R2+ D1- L2+ ALL5- UR DL UL,18,"UR(-1,0) DL(-3,1) U(0,-1) R(-4,4) L(0,2) ul(-2,-2) /(-2,4) ALL(-1,0)"
Frikifest2017,16.6,f,B,1,UR2- DR4- DL3+ UL2+ U1- R3- D2+ L5- ALL4+ y2 U5- R3- D3+ L5- ALL5+,17,"DL(-1,1) UL(1,-1) R(-3,-3) D(0,3) ur(2,4) dr(3,3) dl(1,0) ALL(1,0)"
Frikifest2017,16.6,f,B,2,UR2+ DR1- DL2+ UL3+ U3- R4- D2+ L6+ ALL4- y2 U0+ R3- D3+ L6+ ALL5-,18,"UR(-2,0) DR(-3,-2) R(-4,-1) L(1,1) dr(4,5) dl(0,-2) /(1,0)"
Frikifest2017,16.6,f,B,3,UR1- DR1+ DL3+ UL3- U6+ R2- D3- L4- ALL5+ y2 U3- R3+ D4- L6+ ALL4+ UR DL UL,20,"UR(1,3) DR(1,-1) U(-3,-2) R(0,3) D(-2,-3) L(4,-4) dr(-2,-2) ALL(-1,0)"
Frikifest2017,16.6,f,B,4,UR2- DR6+ DL3- UL0+ U0+ R0+ D3- L2- ALL4+ y2 U4- R2+ D1+ L0+ ALL3+ DR UL,15,"UR(-1,0) DR(-2,2) DL(2,-2) UL(3,3) R(-1,1) D(0,-4) dl(-1,1) \(0,1)"
Frikifest2017,16.6,f,B,5,UR1- DR1+ DL2- UL4+ U2- R4- D6+ L2- ALL3+ y2 U2+ R2- D0+ L0+ ALL1+ UR DL,13,"DR(2,0) DL(1,0) UL(-1,0) R(2,-2) D(4,2) /(1,-1) \(0,2)"
GouverneurQuickQuiet2024,16.6,c,A,1,UR5- DR3- DL1+ UL5+ U4+ R3- D0+ L1+ ALL4+ y2 U0+ R4- D3- L5+ ALL5-,19,"UL(-4,-3) R(-1,-1) D(2,-2) L(-3,3) ur(1,2) dr(1,0) dl(0,-3) /(0,-3)"
GouverneurQuickQuiet2024,16.6,c,A,2,UR0+ DR5+ DL5+ UL2+ U0+ R4+ D2+ L5+ ALL4+ y2 U4- R4+ D2+ L1+ ALL4-,17,"UR(-2,-4) R(5,-5) dr(0,1) dl(0,1) ul(-4,-4) /(-2,-2)"
GouverneurQuickQuiet2024,16.6,c,A,3,UR0+ DR6+ DL1+ UL0+ U0+ R6+ D5+ L1- ALL6+ y2 U5+ R5+ D2- L3- ALL6+,14,"UR(0,1) DR(0,-4) L(0,-1) dr(-3,-2) ul(4,5)"
GouverneurQuickQuiet2024,16.6,c,A,4,UR1- DR4- DL6+ UL3- U2+ R2- D6+ L1- ALL3+ y2 U3- R4+ D6+ L2- ALL1+,19,"UR(2,-1) DR(5,4) DL(-1,0) L(-1,-1) dr(1,-1) dl(0,-5) ul(-1,-3) /(1,1)"
GouverneurQuickQuiet2024,16.6,c,A,5,UR0+ DR1+ DL2- UL3- U2+ R3+ D2- L2- ALL2+ y2 U2- R2+ D0+ L1- ALL1+,14,"UR(-2,2) DL(4,-3) UL(3,1) R(-2,2) D(-1,-1) ur(0,-1) ALL(-1,0)"
Helsinki2024,16.6,d,B,1,UR5+ DR4- DL3- UL1- U2- R2- D3+ L6+ ALL5- y2 U1+ R2+ D3- L2- ALL0+,18,"DR(3,0) UL(-2,-2) R(-2,3) D(1,1) dr(-2,-2) dl(-3,-1) \(-4,-1)"
Helsinki2024,16.6,d,B,2,UR0+ DR2+ DL1- UL4+ U4+ R5+ D2+ L1- ALL6+ y2 U6+ R4- D4+ L4- ALL4+,20,"UR(3,-3) DL(-2,-1) U(1,4) R(2,-2) D(-1,0) ur(0,-4) ul(0,-2) \(0,2)"
Helsinki2024,16.6,d,B,3,UR2+ DR2+ DL1- UL3+ U2- R0+ D1- L1- ALL4+ y2 U0+ R3- D2+ L2+ ALL3+,11,"UR(-1,0) DR(-1,1) DL(1,1) UL(-2,2) R(-2,-3) dr(-1,2) \(0,1)"
Helsinki2024,16.6,d,B,4,UR0+ DR4- DL6+ UL2- U2+ R1- D4- L3- ALL0+ y2 U2- R1+ D4+ L3- ALL0+,15,"UR(2,2) DR(3,-1) DL(-1,-1) U(-2,3) L(0,-1) ur(3,-2) dl(0,1) \(1,-1)"
Helsinki2024,16.6,d,B,5,UR5- DR3+ DL4- UL3- U5+ R0+ D5- L2- ALL2- y2 U5- R4+ D0+ L4- ALL1-,19,"DL(6,4) UL(3,3) R(2,4) D(0,-1) ur(3,-4) \(-1,0)"
HurryUpHalswell2025,16.6,f,B,1,UR6+ DR1+ DL4- UL5- U4- R5+ D2+ L3+ ALL4+ y2 U0+ R0+ D1+ L4- ALL5+,16,"UR(2,0) DR(-2,-2) DL(3,-3) UL(1,0) L(2,-5) dr(-2,1) /(0,-1)"
HurryUpHalswell2025,16.6,f,B,2,UR2+ DR5+ DL5- UL1- U5- R4+ D3+ L3- ALL0+ y2 U0+ R4+ D5- L3- ALL1-,18,"UR(2,3) DL(-3,3) UL(0,2) U(2,-2) R(-1,4) dr(-1,-3) \(1,0)"
HurryUpHalswell2025,16.6,f,B,3,UR5+ DR1+ DL2+ UL4- U1- R6+ D3+ L3- ALL5+ y2 U5- R3- D2+ L1+ ALL6+,16,"DL(5,-4) D(1,-1) ur(-1,-1) dr(2,2) ul(0,-3) /(3,-4)"
HurryUpHalswell2025,16.6,f,B,4,UR5- DR2+ DL2- UL4- U6+ R5+ D6+ L5+ ALL5+ y2 U0+ R1- D0+ L1+ ALL5-,13,"UR(2,0) DR(-4,-4) UL(1,-1) D(-2,0) ur(0,1) ul(-1,-1) \(-2,0)"
HurryUpHalswell2025,16.6,f,B,5,UR1+ DR4+ DL4+ UL4+ U6+ R0+ D5- L5- ALL1+ y2 U4- R2+ D4+ L3- ALL2-,20,"UR(-1,0) DR(-1,0) DL(-3,-3) U(2,2) R(-3,0) D(1,-1) ur(3,-3) dr(1,0) dl(0,2) /(3,0)"
IndianNationals2014,16.6,f,B,1,UR0+ DR0+ DL0+ UL1+ U2+ R0+ D1- L2+ ALL1+ y2 U2- R2+ D2+ L4+ ALL2+ UR,13,"DR(0,1) U(-3,2) R(0,2) D(1,-2) L(-3,4) ALL(0,1)"
IndianNationals2014,16.6,f,B,2,UR3- DR5- DL2+ UL4- U3+ R4+ D5+ L4+ ALL4- y2 U1- R3- D0+ L6+ ALL1- UR DR UL,17,"UR(4,0) D(-2,-1) L(-2,3) dr(-2,3) dl(2,-3) /(-2,-1)"
IndianNationals2014,16.6,f,B,3,UR0+ DR4- DL2- UL1- U3- R4+ D3- L5+ ALL4- y2 U5- R3+ D3+ L0+ ALL2- DL UL,18,"UR(2,-1) DL(-2,0) U(2,0) R(-2,3) D(-1,-2) ur(-2,-3) dr(0,3) /(-1,-1)"
IndianNationals2014,16.6,f,B,4,UR1+ DR3+ DL4- UL2+ U1- R0+ D5+ L3+ ALL5- y2 U1- R5+ D6+ L0+ ALL6+ UR DR UL,14,"UR(-1,0) DR(-3,2) DL(-1,-2) U(-1,1) D(0,-1) dl(2,5) ALL(0,-1)"
IndianNationals2014,16.6,f,B,5,UR4- DR3+ DL5+ UL2- U3+ R1+ D3- L5- ALL3+ y2 U3- R4+ D4- L4+ ALL4- UR DL,21,"DL(-1,0) UL(3,-4) D(-4,-3) dr(2,4) dl(0,4) /(-1,-4)"
KoelnerKubing2023,16.6,d,C,1,UR3+ DR5- DL5+ UL5- U5- R3- D0+ L1- ALL4+ y2 U1+ R3- D1- L3+ ALL0+ UR,18,"UR(-5,5) R(-2,-2) L(1,2) ur(2,1) dl(2,-1) \(-3,-5)"
KoelnerKubing2023,16.6,d,C,2,UR1+ DR4+ DL3- UL3+ U4- R6+ D2- L0+ ALL5+ y2 U4- R2+ D2- L2+ ALL2- UR,17,"DR(1,0) D(0,2) ur(4,4) dr(3,-2) ul(1,2) \(5,2)"
KoelnerKubing2023,16.6,d,C,3,UR4- DR0+ DL2- UL4- U2- R4+ D5+ L5+ ALL3+ y2 U3- R5+ D4- L1+ ALL0+ UR UL,20,"DL(0,2) UL(1,1) U(-3,2) D(-3,-3) dr(-3,1) dl(3,5) /(0,3)"
KoelnerKubing2023,16.6,d,C,4,UR2+ DR3- DL4+ UL4- U1+ R0+ D1- L3- ALL4+ y2 U3+ R2- D3- L4- ALL4+ UL,13,"DR(1,0) UL(1,-1) D(-1,3) L(2,-3) dr(-1,-1) dl(0,-2) /(-2,2)"
KoelnerKubing2023,16.6,d,C,5,UR2+ DR1- DL1+ UL1- U5+ R2- D5- L1- ALL3+ y2 U2+ R0+ D3- L0+ ALL2- DR,15,"UR(-1,0) DR(2,-2) DL(1,-1) U(-5,-3) D(2,2) \(2,1) ALL(-2,0)"
LeopardstownCubeRaces2025,16.6,c,C,1,UR2- DR1+ DL2- UL2- U1+ R3+ D5- L1+ ALL6+ y2 U1+ R1- D5+ L0+ ALL4+,19,"DR(-2,-1) UL(3,-3) U(0,5) R(0,-1) D(-4,1) /(2,-2) ALL(0,-2)"
LeopardstownCubeRaces2025,16.6,c,C,2,UR4- DR3+ DL1- UL6+ U3- R4+ D1+ L6+ ALL4+ y2 U1- R1+ D2+ L1+ ALL3+,12,"UR(1,0) DR(-3,3) R(-1,1) L(1,0) dr(1,1) dl(-3,1) ul(0,-1) \(0,1)"
LeopardstownCubeRaces2025,16.6,c,C,3,UR5+ DR2+ DL5- UL4+ U3+ R5+ D2+ L3+ ALL3+ y2 U4+ R4- D4- L0+ ALL5-,16,"D(1,3) L(-2,-1) ur(-1,1) dl(2,-4) ul(-2,0) /(4,4)"
LeopardstownCubeRaces2025,16.6,c,C,4,UR3+ DR2- DL2+ UL1+ U6+ R3+ D2- L4- ALL3+ y2 U6+ R4+ D3+ L4+ ALL3-,19,"DL(1,1) U(2,0) R(-4,1) D(1,2) ur(0,1) dr(1,3) ul(-2,3) /(3,3)"
LeopardstownCubeRaces2025,16.6,c,C,5,UR6+ DR1+ DL6+ UL5+ U1+ R5- D1- L2- ALL3+ y2 U1- R1- D1- L1- ALL6+,17,"DL(3,-3) R(-2,-1) D(3,-1) dr(5,-1) /(1,-3) \(0,-1)"
LexOpenFrance2025,16.6,f,A,1,UR5+ DR0+ DL5+ UL6+ U1+ R3+ D5+ L6+ ALL3+ y2 U0+ R4- D0+ L4- ALL2-,18,"DR(3,3) DL(-1,1) R(1,-4) L(-4,-4) /(3,4) ALL(0,2)"
LexOpenFrance2025,16.6,f,A,2,UR6+ DR3+ DL5+ UL2- U5- R3+ D5- L2- ALL3+ y2 U4- R4+ D2+ L3- ALL2-,17,"UR(1,-1) DR(-2,-3) DL(-1,0) R(1,2) D(0,-1) ur(3,-3) dl(0,2) \(4,1)"
LexOpenFrance2025,16.6,f,A,3,UR3- DR1+ DL0+ UL5+ U1- R1- D3- L2- ALL6+ y2 U2- R1- D1- L0+ ALL6+,10,"UR(1,0) DR(2,2) UL(-2,2) D(0,-2) L(-1,0) dl(-1,-1) \(-1,1)"
LexOpenFrance2025,16.6,f,A,4,UR6+ DR4+ DL4+ UL4+ U2+ R2+ D0+ L1- ALL3- y2 U4+ R2- D6+ L1+ ALL4-,19,"UR(0,-3) DL(4,-3) L(1,1) ur(-4,4) dr(4,-4) dl(0,-2) \(1,0)"
LexOpenFrance2025,16.6,f,A,5,UR2+ DR4+ DL6+ UL4- U3+ R1- D5- L5- ALL2+ y2 U4- R2+ D2- L5+ ALL2+,19,"DR(-4,-4) U(-1,0) R(-1,4) D(-1,0) L(3,-3) ur(4,-4) dl(-2,-2)"
LyonLastLayer2025,16.6,f,D,1,UR6+ DR6+ DL0+ UL5+ U1- R3- D3+ L5+ ALL4+ y2 U1+ R1- D0+ L6+ ALL3-,17,"UR(2,2) DR(1,-1) DL(2,-2) L(0,4) ur(0,1) dr(-2,1) dl(0,-1) /(-4,-1)"
LyonLastLayer2025,16.6,f,D,2,UR3- DR1+ DL5+ UL1- U0+ R1- D5+ L4+ ALL2+ y2 U4- R1+ D6+ L5- ALL0+,19,"DL(1,0) UL(2,0) U(2,2) R(3,-3) L(1,-1) ur(-3,-4) dl(4,4) /(1,0) \(1,0)"
LyonLastLayer2025,16.6,f,D,3,UR1+ DR0+ DL5- UL1+ U1- R2+ D2+ L5- ALL3- y2 U1- R1+ D4+ L3- ALL2-,15,"UL(-1,0) R(-3,-3) D(3,0) L(-2,-2) ur(-1,-1) dl(0,4) ALL(0,1)"
LyonLastLayer2025,16.6,f,D,4,UR3- DR4+ DL6+ UL0+ U4+ R1+ D4- L3+ ALL6+ y2 U3- R1- D0+ L1- ALL4-,15,"UR(-1,0) DR(-1,-1) DL(4,-2) D(3,-2) L(-1,-1) ul(3,-1) /(0,-2)"
LyonLastLayer2025,16.6,f,D,5,UR2- DR0+ DL4+ UL2- U4+ R0+ D5- L4- ALL5+ y2 U2- R3+ D3- L4+ ALL2+,17,"DL(1,0) R(2,2) L(1,-2) ur(-2,-2) dr(2,-4) dl(0,1) /(-4,-4) ALL(0,1)"
MalaysianCubeChampionship2017,16.6,d,C,1,UR1+ DR6+ DL4- UL3+ U2- R3- D1+ L0+ ALL3+ y2 U3- R2+ D1+ L4+ ALL4+,17,"UR(-1,-1) DR(-3,2) UL(-1,2) L(2,-4) ur(0,-3) dr(0,-1) dl(-2,2) /(0,-1)"
MalaysianCubeChampionship2017,16.6,d,C,2,UR2+ DR6+ DL5- UL6+ U1+ R3+ D5- L4+ ALL0+ y2 U3- R2+ D4+ L5- ALL0+ UR DL UL,19,"DR(1,0) DL(3,-2) UL(3,-2) U(0,2) L(1,-2) ur(-3,-3) dl(-2,2) /(-3,3)"
MalaysianCubeChampionship2017,16.6,d,C,3,UR4+ DR1- DL4- UL6+ U1- R4- D1- L4+ ALL4+ y2 U3- R1+ D4- L4- ALL6+ UR UL,17,"DR(1,0) DL(4,2) UL(2,0) U(1,-2) R(0,1) D(1,-1) ur(0,-2) dr(-2,-2) /(-2,0)"
MalaysianCubeChampionship2017,16.6,d,C,4,UR6+ DR1- DL5+ UL3+ U5+ R0+ D5+ L2+ ALL5+ y2 U1+ R4+ D1+ L5+ ALL5- DR DL,17,"UR(-1,0) DL(3,-3) UL(-1,-1) R(-4,4) L(0,3) ur(-1,1) dr(1,1) \(-3,1)"
MalaysianCubeChampionship2017,16.6,d,C,5,UR1- DR1- DL5- UL2+ U0+ R0+ D6+ L0+ ALL3- y2 U2- R1- D1+ L5- ALL0+ DL,13,"UL(-1,0) R(2,-1) L(4,-4) ur(-2,-2) dr(1,1) /(0,-1) \(-2,0)"
NewEnglandChampionship2023,16.6,2,A,1,UR5- DR3- DL5- UL4- U6+ R6+ D5- L3- ALL4+ y2 U4+ R2+ D5+ L4- ALL4- UL,18,"UR(2,0) UL(1,0) D(1,1) L(-1,2) ur(-3,3) dr(-3,3) dl(0,2) ALL(0,4)"
NewEnglandChampionship2023,16.6,2,A,2,UR5- DR1- DL1- UL2+ U0+ R1- D4+ L1+ ALL4+ y2 U0+ R4- D3+ L5+ ALL5+ UR,17,"UR(3,-2) DL(-2,-1) R(4,-4) L(0,2) dr(2,3) ul(2,0) /(0,-1)"
NewEnglandChampionship2023,16.6,2,A,3,UR6+ DR4+ DL1- UL4+ U0+ R3- D4- L5- ALL2- y2 U4+ R1+ D0+ L4+ ALL4+ UR,16,"UR(2,0) DR(3,-3) D(-2,1) L(2,2) ur(1,2) ul(-1,1) /(-4,-2)"
NewEnglandChampionship2023,16.6,2,A,4,UR0+ DR1- DL6+ UL2+ U5- R4+ D4- L4+ ALL4- y2 U1- R5- D1+ L2- ALL3+,17,"UR(2,2) DL(-1,-1) UL(1,-2) U(0,1) R(-5,-4) L(0,-2) ul(-1,-1) /(2,3)"
NewEnglandChampionship2023,16.6,2,A,5,UR1+ DR4- DL1+ UL0+ U1+ R3+ D5- L3+ ALL6+ y2 U4- R2- D0+ L2+ ALL0+,15,"DL(-2,2) UL(-2,0) D(-2,-2) L(0,2) ul(0,-2) \(-1,-4) ALL(1,0)"
NovemberDaysinMinsk2018,16.6,c,B,1,UR2- DR4+ DL2- UL0+ U2- R4- D2+ L2+ ALL3+ y2 U2+ R1+ D5- L1- ALL3- DL UL,18,"UR(3,-3) DR(-1,-1) U(1,-4) D(-3,1) dr(0,-1) ul(0,1) /(2,1) ALL(-3,0)"
NovemberDaysinMinsk2018,16.6,c,B,2,UR1- DR2- DL0+ UL0+ U2+ R4- D4- L4+ ALL4+ y2 U2+ R2+ D1+ L3+ ALL6+ UR DR,16,"UR(-1,-2) DR(-4,3) DL(-2,-2) L(-2,2) dr(1,1) ul(-3,2) \(0,-2)"
NovemberDaysinMinsk2018,16.6,c,B,3,UR1- DR1- DL1+ UL4- U2- R4+ D1+ L1- ALL0+ y2 U2+ R5- D2+ L1+ ALL2- UR DL UL,16,"UL(4,-1) U(3,2) R(-2,-5) D(-1,1) ur(1,1) ALL(-2,0)"
NovemberDaysinMinsk2018,16.6,c,B,4,UR3- DR5- DL0+ UL4- U4+ R0+ D5+ L1+ ALL0+ y2 U4+ R4+ D1+ L2+ ALL1-,14,"UL(3,4) R(-4,1) ur(1,2) dl(-1,1) ul(2,2) /(1,0)"
NovemberDaysinMinsk2018,16.6,c,B,5,UR3+ DR3- DL5+ UL6+ U5+ R5+ D4- L0+ ALL2- y2 U3+ R0+ D5- L2- ALL3- DR UL,19,"UR(-2,-1) DL(1,-1) R(-3,0) D(1,0) dr(0,-2) dl(-2,-3) ul(-2,3) \(4,-3)"
OculusCubeOpen2020,16.6,f,A,1,UR6+ DR5- DL1- UL0+ U6+ R5+ D6+ L0+ ALL4- y2 U2- R3+ D1+ L5+ ALL3+ UR DR UL,21,"UR(-3,-2) UL(3,4) R(-3,2) D(0,-2) L(-2,5) dl(1,1) /(3,2)"
OculusCubeOpen2020,16.6,f,A,2,UR2+ DR2+ DL2+ UL3- U0+ R0+ D2- L4+ ALL1+ y2 U3- R3+ D4- L0+ ALL1+ UR DL,16,"UR(-1,0) DR(-1,0) DL(-1,0) U(2,-2) R(-2,3) D(0,-3) L(-2,2) dr(-2,-2) \(1,-1)"
OculusCubeOpen2020,16.6,f,A,3,UR0+ DR2- DL2- UL5- U4+ R4+ D5+ L3- ALL2- y2 U1- R1+ D0+ L2+ ALL1+ DL,13,"UL(1,1) R(-2,1) D(-1,-1) L(-3,2) ur(-2,0) dr(-1,0) /(-3,0)"
OculusCubeOpen2020,16.6,f,A,4,UR5+ DR1+ DL0+ UL1+ U1+ R4+ D3- L2- ALL0+ y2 U5+ R1+ D3+ L6+ ALL5+ UR DR,19,"UR(2,-1) UL(1,-1) U(2,2) D(2,-1) ur(0,6) dl(-1,1) \(2,2) ALL(-3,0)"
OculusCubeOpen2020,16.6,f,A,5,UR2- DR1- DL5- UL1+ U1- R3+ D4- L4+ ALL1+ y2 U3- R2+ D1+ L0+ ALL3+ UR DR UL,14,"UL(0,-2) U(2,-1) D(-2,-3) dl(1,2) /(3,-3) \(0,-2)"
OhioStateSpring2024,16.6,d,A,1,UR0+ DR1+ DL2- UL3- U3+ R6+ D3+ L5+ ALL3+ y2 U0+ R4- D0+ L0+ ALL3+,15,"UR(-2,-3) DR(-2,-2) DL(0,-3) U(2,0) R(-3,-4) \(1,-1)"
OhioStateSpring2024,16.6,d,A,2,UR3- DR0+ DL1- UL1- U6+ R1+ D1- L0+ ALL3+ y2 U4+ R1+ D2- L1+ ALL4-,15,"DL(2,-2) U(-2,-2) R(2,0) D(0,2) ur(1,1) ul(0,1) ALL(5,0)"
OhioStateSpring2024,16.6,d,A,3,UR5+ DR2- DL6+ UL2- U1- R4+ D4+ L3- ALL5+ y2 U5- R5- D6+ L0+ ALL0+,20,"DR(5,5) DL(-1,0) U(-2,-3) D(0,-3) dl(3,-3) ul(0,-2) /(3,2)"
OhioStateSpring2024,16.6,d,A,4,UR4- DR2+ DL2+ UL1+ U4+ R4+ D6+ L5+ ALL2- y2 U1- R0+ D3+ L0+ ALL0+,15,"DR(-2,1) DL(4,-2) U(-1,2) ur(-3,-1) dr(-1,1) \(-3,1)"
OhioStateSpring2024,16.6,d,A,5,UR5+ DR0+ DL4+ UL1+ U1+ R4+ D5- L3- ALL0+ y2 U3- R5- D6+ L6+ ALL2-,18,"UR(2,1) DR(1,0) U(3,-1) L(-2,-3) ur(-3,-3) dl(3,-5) /(1,1)"
OklahomaChampionship2025,16.6,f,A,1,UR2+ DR3+ DL1- UL2+ U5- R5+ D0+ L2+ ALL4- y2 U2- R3- D1- L4- ALL5-,12,"UR(1,0) DL(-2,2) R(1,-3) L(-1,-1) ur(-2,-2) dr(0,-1) \(-1,2)"
OklahomaChampionship2025,16.6,f,A,2,UR3- DR2+ DL0+ UL3+ U0+ R1+ D5- L3- ALL0+ y2 U3+ R6+ D6+ L6+ ALL1-,17,"D(3,-3) ur(-4,-4) dr(1,-2) dl(5,-4) ul(0,-2) ALL(0,-1)"
OklahomaChampionship2025,16.6,f,A,3,UR4- DR4- DL2+ UL1- U5+ R4+ D5- L3+ ALL0+ y2 U6+ R5+ D2+ L0+ ALL0+,19,"UR(2,2) DL(-2,-2) UL(-2,5) R(2,0) D(-3,3) dl(0,2) ul(3,3)"
OklahomaChampionship2025,16.6,f,A,4,UR0+ DR4- DL5- UL6+ U2- R3- D1+ L3- ALL2+ y2 U1- R1+ D1- L5+ ALL3+,19,"UR(-1,0) DR(-4,4) U(-3,0) L(2,-4) ur(-1,-1) dr(0,-2) dl(1,1) /(2,-3)"
OklahomaChampionship2025,16.6,f,A,5,UR1+ DR6+ DL1+ UL5- U4+ R0+ D3- L0+ ALL0+ y2 U3+ R1- D1- L3- ALL2-,16,"DR(5,-4) DL(1,0) D(2,3) L(3,-3) dl(0,-1) /(-1,1) ALL(-2,0)"
OtepotiBigCubes2024,16.6,f,A,1,UR5- DR1- DL4+ UL4- U1- R5+ D2- L1+ ALL2+ y2 U0+ R1- D5+ L1+ ALL1+,16,"UR(1,1) DL(-1,-1) U(-3,5) dr(-4,1) dl(-4,-1) /(0,1)"
OtepotiBigCubes2024,16.6,f,A,2,UR4- DR2+ DL1- UL2+ U1+ R0+ D0+ L5- ALL3+ y2 U1- R1+ D2+ L3+ ALL2+,11,"UR(2,1) U(-1,1) D(-1,-1) L(4,3) dl(-1,1) \(-1,2)"
OtepotiBigCubes2024,16.6,f,A,3,UR0+ DR5- DL5+ UL5+ U4- R5- D4- L6+ ALL5+ y2 U0+ R0+ D3- L5- ALL0+,17,"UR(-1,-1) DR(-1,-1) DL(-4,-3) D(-3,0) L(0,-2) dr(3,-3) /(3,2)"
OtepotiBigCubes2024,16.6,f,A,4,UR5+ DR1+ DL5+ UL6+ U5+ R1- D3- L1- ALL4+ y2 U5- R5- D1- L4+ ALL4-,21,"UR(-2,2) DR(-3,-2) U(-2,-1) L(2,4) ul(-5,-5) /(3,3) ALL(-2,0)"
OtepotiBigCubes2024,16.6,f,A,5,UR2- DR4+ DL5+ UL2- U4+ R2+ D4+ L1- ALL4- y2 U3+ R3- D2+ L2- ALL5-,18,"DR(-1,0) R(-3,4) L(-2,-2) ur(-5,0) dl(-2,2) ul(2,3) /(1,0)"
PBQOxford2024,16.6,2,B,1,UR3+ DR3- DL5+ UL3+ U4- R3- D0+ L4- ALL5- y2 U2+ R2+ D2+ L5+ ALL2+,18,"DL(-2,1) UL(-2,0) R(3,3) ur(-2,3) dr(0,2) ul(-1,-1) /(0,5)"
PBQOxford2024,16.6,2,B,2,UR1+ DR4- DL1+ UL6+ U2- R2+ D4+ L2+ ALL2- y2 U3- R1- D4+ L1+ ALL6+,18,"DR(-1,0) U(-5,4) R(2,2) L(3,1) ul(4,-3) \(1,3)"
PBQOxford2024,16.6,2,B,3,UR1+ DR1- DL1+ UL1- U1+ R1+ D2- L1- ALL1- y2 U3- R5- D1- L5- ALL1+,14,"UR(-1,0) DL(2,-2) R(0,-4) L(-1,-2) ur(3,-3) dl(0,-1) /(-1,-1)"
PBQOxford2024,16.6,2,B,4,UR3+ DR3+ DL6+ UL6+ U3+ R1- D6+ L1- ALL4+ y2 U3+ R1+ D1+ L2- ALL5+,17,"UR(-1,-3) DR(-4,-4) UL(1,0) D(1,5) ur(-2,-2) dl(0,1) \(0,-1)"
PBQOxford2024,16.6,2,B,5,UR2+ DR2+ DL1- UL4- U1- R1+ D0+ L3+ ALL1+ y2 U3- R1+ D2+ L1- ALL3-,16,"UR(-1,-1) DR(-3,-2) UL(2,-1) U(2,2) R(-1,1) D(2,-2) ur(0,-1) ALL(-4,0)"
PerthPuzzlePyjamaParty2024,16.6,d,C,1,UR4- DR1+ DL2- UL4- U2+ R5+ D5- L6+ ALL3+ y2 U2+ R2+ D3- L2- ALL2-,20,"UR(1,1) DR(-3,2) U(5,-3) D(-3,0) L(0,-2) ul(2,2) /(-4,-3)"
PerthPuzzlePyjamaParty2024,16.6,d,C,2,UR1+ DR1- DL3- UL1- U0+ R5+ D2+ L0+ ALL1+ y2 U1- R0+ D1+ L6+ ALL3+,17,"DL(2,1) U(0,1) R(-5,0) L(2,-5) ur(0,-1) /(-1,1) \(-2,0)"
PerthPuzzlePyjamaParty2024,16.6,d,C,3,UR2+ DR0+ DL4- UL4- U2+ R1- D2+ L3+ ALL0+ y2 U1- R0+ D1- L3- ALL2+,10,"UR(-1,-1) DL(2,0) UL(1,1) L(2,-1) ur(-1,-1) dr(-1,-1) /(-2,0)"
PerthPuzzlePyjamaParty2024,16.6,d,C,4,UR3- DR3+ DL5- UL3+ U6+ R3+ D1- L5- ALL5- y2 U5+ R1- D0+ L1- ALL0+,18,"UR(-1,-1) DR(-1,-1) UL(-5,3) R(-1,-1) D(4,5) L(0,-1) \(-4,-1)"
PerthPuzzlePyjamaParty2024,16.6,d,C,5,UR4+ DR3+ DL1+ UL1+ U4+ R5+ D3- L6+ ALL4- y2 U1- R4- D4- L5- ALL3+,18,"DR(-1,-1) U(3,-4) R(1,-4) L(4,-4) ur(-2,-1) /(2,3)"
PieraOpen2023,16.6,d,A,1,UR3- DR3+ DL2- UL5- U5- R1- D6+ L3+ ALL3+ y2 U1+ R0+ D4- L1+ ALL3+ DL,16,"UR(1,1) DL(4,-3) D(1,1) L(0,5) dr(-4,-4) /(-1,1)"
PieraOpen2023,16.6,d,A,2,UR1- DR1+ DL3+ UL4- U5+ R6+ D2+ L3+ ALL3+ y2 U1+ R4+ D1- L2- ALL4+ DR UL,16,"DR(-4,-2) DL(-2,-2) UL(0,-2) R(-2,3) L(0,-1) dr(1,-1) ul(0,1) \(1,-2)"
PieraOpen2023,16.6,d,A,3,UR5- DR2+ DL1- UL3+ U1+ R5- D3- L0+ ALL2- y2 U1+ R2+ D1- L1+ ALL2- UR DR,15,"UR(1,1) DR(2,0) R(5,2) L(-2,1) ur(1,1) dr(0,-1) /(3,-3)"
PieraOpen2023,16.6,d,A,4,UR2+ DR6+ DL2- UL2+ U5+ R2+ D4+ L1+ ALL3+ y2 U6+ R0+ D6+ L0+ ALL1+ UR DR,18,"DR(2,0) U(3,3) D(2,-2) L(-1,1) ur(0,-2) dr(0,1) dl(0,2) ul(-3,-2) ALL(-2,0)"
PieraOpen2023,16.6,d,A,5,UR0+ DR2- DL4+ UL1- U1- R6+ D6+ L4- ALL1- y2 U2- R2+ D3+ L4- ALL0+ DR UL,18,"UR(2,0) DR(3,0) DL(1,1) R(3,-2) L(0,-1) ur(-2,-2) dr(-1,-1) dl(0,4) \(-1,0)"
PreMundial2015,16.6,d,E,1,UR2- DR5- DL0+ UL2- U3+ R4- D1- L6+ ALL6+ y2 U4+ R5- D2+ L0+ ALL5- UR DR DL UL,16,"UR(1,-1) DR(-2,2) DL(-4,0) R(0,1) dl(0,2) ul(5,4) \(-1,0)"
PreMundial2015,16.6,d,E,2,UR2+ DR6+ DL4- UL5- U5+ R3- D1- L5+ ALL2- y2 U1- R3- D3- L2- ALL2- UR UL,15,"UR(-2,-2) DR(-4,-4) DL(3,0) R(1,-1) L(1,0) dr(-2,-2) dl(0,-1) ul(0,-1)"
PreMundial2015,16.6,d,E,3,UR5- DR4+ DL5+ UL2+ U5+ R3+ D2+ L5+ ALL4+ y2 U5+ R1+ D2+ L3+ ALL0+ DR DL,16,"UR(0,1) U(-2,2) R(-2,0) D(1,1) ur(3,3) dl(-3,0) ul(1,1) \(1,3)"
PreMundial2015,16.6,d,E,4,UR2- DR1+ DL1+ UL4- U4+ R3+ D1+ L2+ ALL3+ y2 U4+ R4- D4+ L6+ ALL3- UR DR DL,20,"UR(2,-1) DR(-1,0) R(-3,-4) D(-2,2) L(1,0) ur(0,2) dr(4,4) \(2,4)"
PreMundial2015,16.6,d,E,5,UR3- DR4- DL3- UL3- U1+ R1+ D6+ L4+ ALL5+ y2 U0+ R4- D4+ L2- ALL3- UR DL,16,"UR(2,-2) DR(1,0) U(3,4) R(3,-4) L(2,-2) /(-3,-1)"
RomanianNationalDay2018,16.6,c,B,1,UR6+ DR1+ DL6+ UL1- U3- R5- D4+ L6+ ALL4- y2 U2+ R5- D4- L0+ ALL3+ DL UL,16,"UR(-2,-1) DL(1,1) R(0,-3) dl(-1,-4) ul(0,2) \(4,1)"
RomanianNationalDay2018,16.6,c,B,2,UR4+ DR1+ DL2+ UL5+ U5+ R2- D1- L3+ ALL2- y2 U2- R4+ D2- L6+ ALL3+ UR DR DL UL,19,"UR(-2,2) DR(-2,-2) R(1,4) L(2,-2) ur(0,-2) dr(-2,-2) \(0,-3) ALL(0,2)"
RomanianNationalDay2018,16.6,c,B,3,UR4+ DR5+ DL3- UL6+ U2+ R2- D4+ L4+ ALL1+ y2 U3+ R0+ D0+ L2+ ALL2+ DL,18,"DR(1,0) DL(5,5) R(4,-1) dr(-2,2) dl(-1,-2) ul(-3,3) /(-1,0)"
RomanianNationalDay2018,16.6,c,B,4,UR4- DR2+ DL1+ UL1+ U3+ R3+ D5- L3+ ALL1- y2 U3+ R2- D0+ L5+ ALL0+ UR DR,14,"UR(1,0) UL(-1,2) R(-2,-2) D(2,1) L(-4,3) ur(2,2) \(-1,0)"
RomanianNationalDay2018,16.6,c,B,5,UR3- DR5- DL3- UL4- U0+ R1- D4- L3+ ALL3+ y2 U0+ R1+ D2- L2+ ALL4+ UR DL,16,"UL(4,-5) U(3,-2) R(-3,1) D(0,-2) ur(-2,2) /(0,-1)"
SESISantos2024,16.6,c,A,1,UR3- DR3- DL1+ UL3- U2- R3+ D6+ L4+ ALL3+ y2 U2+ R0+ D5+ L0+ ALL6+,15,"UR(1,-1) DL(-2,-2) U(-5,5) R(2,0) D(-2,2) \(0,-3)"
SESISantos2024,16.6,c,A,2,UR1+ DR5- DL2- UL4- U5- R4+ D6+ L5- ALL4+ y2 U1+ R4+ D3+ L0+ ALL2-,14,"UR(-1,0) DR(1,1) UL(-1,0) U(-2,2) R(0,2) dl(1,1) ul(1,1) /(-5,-1)"
SESISantos2024,16.6,c,A,3,UR1- DR1+ DL4- UL0+ U3- R3+ D3+ L4- ALL5+ y2 U3+ R0+ D5+ L3+ ALL4-,18,"UR(-3,-3) UL(-2,3) U(-3,5) L(-2,0) ur(0,3) /(-2,-1)"
SESISantos2024,16.6,c,A,4,UR0+ DR1- DL6+ UL2+ U4+ R3+ D4+ L2+ ALL6+ y2 U5+ R1- D4- L5- ALL5+,19,"UR(-4,-4) DR(2,1) DL(1,0) U(-2,-3) L(1,2) ur(-2,5) dl(1,-1) /(1,0)"
SESISantos2024,16.6,c,A,5,UR1- DR2+ DL3+ UL5- U4- R0+ D5+ L4+ ALL6+ y2 U0+ R1+ D3+ L1+ ALL3-,17,"UR(-1,-1) DR(0,2) UL(-1,0) D(2,2) L(-1,1) dl(3,3) ul(0,-2) /(2,-3) \(-2,0)"
SacCubingXIV2023,16.6,c,A,1,UR2+ DR0+ DL2+ UL2- U1- R0+ D0+ L2+ ALL3- y2 U0+ R1+ D2- L0+ ALL5- DL UL,11,"UR(-1,-2) DR(0,-2) DL(-2,-1) U(2,-2) R(-1,1) \(2,0)"
SacCubingXIV2023,16.6,c,A,2,UR4+ DR2- DL1- UL2+ U1- R1+ D4- L4+ ALL3+ y2 U3- R1+ D3+ L0+ ALL3+ DR,17,"DR(-3,-3) UL(-5,-5) U(0,2) D(-2,-3) dl(4,1)"
SacCubingXIV2023,16.6,c,A,3,UR6+ DR4+ DL3+ UL2- U5- R2+ D4- L2+ ALL4+ y2 U5+ R0+ D1+ L3- ALL4+ DR,17,"DR(0,-2) DL(-3,3) U(1,1) D(0,-4) ur(0,-3) ul(4,0)"
SacCubingXIV2023,16.6,c,A,4,UR3+ DR3- DL3+ UL5+ U1+ R1+ D4- L6+ ALL5- y2 U5+ R2- D1+ L4+ ALL1+ UR DR DL,20,"U(3,-3) R(-1,0) D(4,-5) L(-2,0) dr(0,4) ul(-2,-2) /(3,3)"
SacCubingXIV2023,16.6,c,A,5,UR3- DR2+ DL1- UL5+ U5- R6+ D6+ L0+ ALL3+ y2 U5- R4- D1+ L3+ ALL3+ UR DR DL UL,18,"UR(3,-1) DR(4,1) D(1,-1) L(-4,2) dr(0,1) ul(-5,-4)"
SaintAugustinA2025,16.6,f,A,1,UR3- DR2+ DL1- UL0+ U4+ R2- D1- L5+ ALL2- y2 U4+ R4- D3- L2+ ALL1+,16,"UL(-1,1) R(3,-3) D(0,3) L(-3,3) ur(0,1) dr(0,-2) dl(0,-1) /(-1,-2)"
SaintAugustinA2025,16.6,f,A,2,UR3+ DR3+ DL4+ UL6+ U5- R4+ D4- L4- ALL1- y2 U1- R1+ D2- L0+ ALL5-,14,"DL(-3,2) UL(-2,1) U(-2,-2) R(2,2) L(-1,0) ul(-1,-1) \(1,3)"
SaintAugustinA2025,16.6,f,A,3,UR3- DR1- DL4- UL6+ U4- R0+ D4- L2+ ALL5+ y2 U2- R4- D1+ L2- ALL1-,19,"DR(1,2) DL(-4,5) U(1,1) R(3,-2) L(0,-2) ul(-2,-2) \(4,2)"
SaintAugustinA2025,16.6,f,A,4,UR3+ DR4+ DL3+ UL0+ U4- R5+ D3+ L5+ ALL6+ y2 U1+ R5- D3- L3- ALL1-,18,"UL(1,2) R(0,-1) D(2,2) L(3,-3) dl(3,-3) ul(2,-1) ALL(0,5)"
SaintAugustinA2025,16.6,f,A,5,UR5- DR3- DL4- UL2+ U2+ R2- D1- L1+ ALL4+ y2 U2+ R2- D2+ L4- ALL3+,16,"DR(-1,0) UL(1,-1) R(-1,-1) D(-3,-3) ur(-5,5) dr(3,3) dl(0,-1) ALL(0,-1)"
SantaColomaBogotaII2024,16.6,d,C,1,UR6+ DR1+ DL1+ UL1+ U3+ R6+ D2- L1- ALL6+ y2 U3- R2- D1+ L2- ALL6+,11,"UR(-1,0) DL(0,2) U(3,2) L(-1,0) ur(0,-2) dl(1,-1) ul(1,-1)"
SantaColomaBogotaII2024,16.6,d,C,2,UR2- DR4- DL5- UL6+ U0+ R4+ D3+ L2+ ALL3+ y2 U3- R1+ D2+ L3+ ALL4-,19,"UR(-1,-1) DR(3,2) UL(-3,0) D(3,-3) L(0,2) dr(1,1) dl(0,1) /(0,-3) ALL(2,0)"
SantaColomaBogotaII2024,16.6,d,C,3,UR1+ DR1- DL1- UL1- U4- R1- D3+ L3- ALL4- y2 U3+ R0+ D1- L3+ ALL0+,16,"DL(1,1) UL(1,-1) U(3,-1) R(1,0) D(-2,3) L(3,3) ALL(4,0)"
SantaColomaBogotaII2024,16.6,d,C,4,UR2- DR2+ DL2+ UL5- U2- R2+ D2- L5- ALL5+ y2 U1+ R3- D1+ L2+ ALL5-,16,"UR(1,1) DR(-2,3) UL(-4,2) R(-1,-2) D(0,1) dr(0,2) dl(-1,-1) ALL(0,2)"
SantaColomaBogotaII2024,16.6,d,C,5,UR5+ DR3+ DL3+ UL3- U3- R4+ D0+ L4- ALL6+ y2 U3+ R5- D3- L6+ ALL4+,21,"DR(-1,0) UL(1,0) R(1,-4) D(-5,4) L(3,-3) ur(0,-1) dr(-2,-2) dl(2,-1) \(2,0)"
ScramblersNightmare2018,16.6,d,A,1,UR1- DR0+ DL2- UL5+ U2- R1- D5+ L1- ALL2- y2 U5+ R1- D3+ L5- ALL0+ DR,18,"UL(-2,3) R(2,-1) D(-3,3) L(0,2) ur(-2,2) dr(3,3) dl(1,0) ALL(0,2)"
ScramblersNightmare2018,16.6,d,A,2,UR1+ DR3+ DL1+ UL4+ U5+ R1- D0+ L1- ALL5- y2 U5+ R1+ D1- L4+ ALL4- UR,18,"UR(-1,0) DR(-2,-2) UL(3,0) D(-2,3) L(5,4) dl(0,-1) ul(2,2) \(0,-1)"
ScramblersNightmare2018,16.6,d,A,3,UR5- DR2+ DL4- UL1+ U4+ R1+ D4+ L2+ ALL2- y2 U2- R1- D3+ L3+ ALL4- UR DR,16,"UR(2,-2) UL(1,1) U(-3,3) D(-2,-4) ur(-2,3) ul(0,-1) /(1,0) ALL(0,-1)"
ScramblersNightmare2018,16.6,d,A,4,UR4- DR5+ DL4+ UL2- U5+ R1- D6+ L5- ALL5- y2 U4+ R5+ D3+ L4- ALL5- DL UL,18,"UR(0,-1) UL(1,1) D(-3,4) L(2,-2) dr(-3,-2) dl(-2,5) /(2,-2)"
ScramblersNightmare2018,16.6,d,A,5,UR3+ DR5- DL5+ UL5- U3+ R4+ D0+ L1- ALL3+ y2 U1+ R1+ D3+ L3+ ALL1- DL UL,13,"UR(-2,4) UL(1,-1) dr(-3,3) ul(-1,1) \(1,0) ALL(-3,0)"
SiberiaOpen2020,16.6,c,A,1,UR6+ DR0+ DL1- UL1+ U2- R3- D5- L1+ ALL2+ y2 U5- R1+ D1+ L4+ ALL0+ UR,17,"UR(-3,0) DL(1,1) U(-2,-1) D(5,-5) L(-2,3) dr(0,1) dl(1,1) /(1,1)"
SiberiaOpen2020,16.6,c,A,2,UR5- DR2+ DL2+ UL5- U4+ R3- D1+ L2+ ALL0+ y2 U3+ R3+ D2- L5+ ALL1+,20,"UR(1,0) DR(-5,-4) UL(1,-1) U(4,-4) R(-2,3) ur(3,3) dr(0,2) /(0,-1)"
SiberiaOpen2020,16.6,c,A,3,UR3+ DR2- DL5+ UL5- U6+ R4+ D2+ L2- ALL5+ y2 U3- R1- D2+ L5- ALL2+ UR DR UL,20,"DR(-5,5) UL(0,3) U(-4,3) L(2,-2) ur(3,-3) dl(-1,-1) \(1,2)"
SiberiaOpen2020,16.6,c,A,4,UR1+ DR5+ DL1- UL2+ U0+ R4- D3- L1- ALL1+ y2 U1+ R1- D4- L3- ALL4+ UR DR UL,13,"UR(-2,-1) DR(-1,-1) U(-1,0) R(1,-1) ur(0,1) dr(3,-4) ALL(0,3)"
SiberiaOpen2020,16.6,c,A,5,UR1- DR0+ DL1+ UL0+ U4+ R4+ D0+ L1- ALL5+ y2 U1+ R1- D2+ L1+ ALL3+ UR DR DL,13,"DR(-1,1) U(-3,3) R(-2,0) ur(-2,1) dl(-2,-1) /(-1,2) ALL(-1,0)"
SidenblindSamobor2023,16.6,d,B,1,UR4+ DR0+ DL3+ UL0+ U2- R1+ D3- L6+ ALL5+ y2 U2- R0+ D3+ L0+ ALL0+ UR DL UL,16,"UR(-2,1) UL(3,-3) U(-3,3) R(-3,0) D(0,-2) /(3,2)"
SidenblindSamobor2023,16.6,d,B,2,UR1+ DR0+ DL5- UL6+ U4- R5- D1- L6+ ALL6+ y2 U0+ R2+ D4- L3+ ALL5+ UR DR UL,19,"DR(2,4) DL(4,2) U(-3,-4) R(2,2) L(1,3) /(2,-1)"
SidenblindSamobor2023,16.6,d,B,3,UR3- DR3- DL4- UL1+ U3+ R2+ D1+ L4+ ALL4+ y2 U2- R1+ D2+ L2- ALL5+ DL UL,14,"DR(4,-2) UL(-1,-1) U(0,1) D(2,-2) L(0,-2) dl(0,1) /(2,-3)"
SidenblindSamobor2023,16.6,d,B,4,UR4- DR3+ DL2+ UL1- U2- R2- D4- L2- ALL0+ y2 U3- R2- D2- L6+ ALL2- DR UL,17,"UR(-5,5) DR(-1,0) R(-3,-2) L(1,-1) ur(-3,-3) dr(-1,-2) ALL(-2,0)"
SidenblindSamobor2023,16.6,d,B,5,UR4+ DR0+ DL1- UL0+ U5- R4- D1- L4+ ALL1- y2 U5+ R5- D5- L1+ ALL1- DR DL UL,17,"U(1,-1) R(0,-1) D(2,0) L(-3,-4) ur(-5,5) dl(-3,-4)"
SpanishChampionship2014,16.6,f,B,1,UR1+ DR5- DL3- UL3+ U5- R3+ D5+ L4- ALL2- y2 U3- R0+ D3+ L2+ ALL4- UR,13,"DR(1,1) DL(3,0) UL(1,-1) D(-1,-2) ur(0,-1) dr(3,3) ALL(0,-2)"
SpanishChampionship2014,16.6,f,B,2,UR2+ DR4- DL5- UL5+ U2+ R2+ D0+ L0+ ALL6+ y2 U5- R1- D5+ L5- ALL5- UR DR DL,20,"DR(0,2) U(3,3) D(-3,3) ur(-2,-5) dl(-2,2) ul(-4,-3) /(0,-1)"
SpanishChampionship2014,16.6,f,B,3,UR5- DR0+ DL6+ UL1- U3+ R1+ D5- L2- ALL2+ y2 U3+ R1+ D2+ L0+ ALL4+ UR DL UL,14,"UR(4,4) DL(-3,0) U(-1,2) D(2,2) ul(0,1) \(-1,0) ALL(0,1)"
SpanishChampionship2014,16.6,f,B,4,UR5- DR3+ DL4- UL0+ U5+ R3- D6+ L2+ ALL0+ y2 U3+ R6+ D2+ L2+ ALL0+ UR DL UL,18,"DR(5,4) DL(2,3) U(0,-1) L(0,2) dl(3,3) ul(-3,3) \(1,-1)"
SpanishChampionship2014,16.6,f,B,5,UR3- DR6+ DL4+ UL5- U6+ R5- D0+ L3+ ALL4- y2 U0+ R2+ D4- L2- ALL2- UR DL UL,18,"UR(2,0) DL(-2,-2) D(4,-4) dr(-1,-2) dl(1,-2) ul(4,4) ALL(2,0)"
SuurKloostriSideEvents2023,16.6,2,A,1,UR3+ DR5- DL5- UL5- U1- R3+ D1+ L3- ALL5- y2 U3- R3+ D2+ L3+ ALL6+ UR,17,"UR(2,2) UL(1,1) R(-3,3) D(-3,-3) L(0,1) dr(0,2) /(-4,5)"
SuurKloostriSideEvents2023,16.6,2,A,2,UR4- DR4+ DL3+ UL1+ U1+ R0+ D5+ L1- ALL0+ y2 U3+ R5+ D2+ L4+ ALL0+ UR DL UL,17,"UR(1,0) UL(-1,3) U(2,2) R(-1,5) L(-2,1) ur(3,3) ul(1,0)"
SuurKloostriSideEvents2023,16.6,2,A,3,UR5+ DR2+ DL2- UL2- U2- R1- D6+ L5- ALL1- y2 U2+ R1- D0+ L4+ ALL4+ UR,16,"UR(-1,-1) DR(-4,0) DL(-2,-3) R(-1,-1) L(-1,2) ur(0,2) \(-3,-2)"
SuurKloostriSideEvents2023,16.6,2,A,4,UR6+ DR2- DL4+ UL4+ U3- R1+ D3+ L6+ ALL3+ y2 U1+ R1+ D6+ L0+ ALL3+ UR UL,19,"UR(-2,-1) DR(-3,-3) DL(-2,0) U(-5,6) ur(-1,0) ul(-1,1) \(4,-4)"
SuurKloostriSideEvents2023,16.6,2,A,5,UR1- DR4+ DL1+ UL2+ U0+ R2- D2- L1- ALL1+ y2 U1+ R1- D5+ L1+ ALL3+ DR DL,14,"DR(-2,1) DL(-1,0) UL(-1,1) U(0,5) R(1,-1) ur(0,1) ul(1,0) ALL(0,2)"
TakeYourTimeSydney2024,16.6,f,A,1,UR0+ DR0+ DL6+ UL2- U0+ R5+ D5- L4- ALL4- y2 U5- R4+ D1- L3- ALL1-,15,"UR(1,-1) DR(-1,-1) U(1,-1) R(-5,4) D(0,-2) ur(-3,-3) /(-1,-2)"
TakeYourTimeSydney2024,16.6,f,A,2,UR1+ DR3+ DL6+ UL3- U0+ R0+ D1+ L6+ ALL5- y2 U1+ R5+ D2- L6+ ALL4+,21,"UR(2,3) DR(2,0) R(4,4) L(3,-4) dr(-2,-2) ul(3,1) \(3,0)"
TakeYourTimeSydney2024,16.6,f,A,3,UR1- DR3+ DL4- UL0+ U3+ R4- D0+ L5+ ALL5- y2 U4- R2- D0+ L0+ ALL6+,16,"UR(-1,-1) DR(1,-4) UL(-1,1) R(2,-2) D(0,-4) ur(-1,0) /(3,-2)"
TakeYourTimeSydney2024,16.6,f,A,4,UR4+ DR3+ DL5- UL0+ U5+ R5- D3+ L3- ALL3+ y2 U4- R2- D0+ L1- ALL0+,19,"UR(1,-3) DR(-1,-2) U(2,0) R(-2,-2) L(-4,3) ur(-3,-4) /(2,1)"
TakeYourTimeSydney2024,16.6,f,A,5,UR2- DR4- DL4- UL3- U4- R4- D3- L5- ALL2+ y2 U0+ R2+ D1+ L2+ ALL4-,12,"UR(-1,-1) DR(-1,2) U(-2,-1) R(0,2) dr(-2,2) /(-3,-3)"
TivatOpen2025,16.6,c,A,1,UR3- DR1+ DL0+ UL3+ U4- R1+ D0+ L1- ALL1- y2 U5+ R3+ D5- L5+ ALL4-,17,"DR(1,1) DL(-2,1) U(4,4) ur(0,5) dl(0,3) \(1,2)"
TivatOpen2025,16.6,c,A,2,UR2- DR4+ DL4+ UL3- U2- R2+ D4+ L2- ALL3+ y2 U3+ R4+ D3- L3- ALL2+,18,"UR(-4,4) U(-1,-2) L(1,-1) dr(0,-2) dl(5,1) ul(2,3) \(1,0)"
TivatOpen2025,16.6,c,A,3,UR1+ DR1- DL3+ UL3+ U4- R4+ D3- L5- ALL0+ y2 U1+ R4+ D3- L2+ ALL1-,15,"UR(-1,1) UL(-1,0) U(2,-4) R(-3,4) D(1,0) ur(1,1) dr(2,1) \(1,0)"
TivatOpen2025,16.6,c,A,4,UR2- DR2- DL3- UL6+ U5- R1+ D2+ L5- ALL1- y2 U3+ R0+ D4+ L6+ ALL4+,18,"UR(1,-3) DR(2,0) DL(2,-2) D(-1,1) ur(-1,2) dr(2,4) /(4,3)"
TivatOpen2025,16.6,c,A,5,UR2- DR1+ DL4- UL1+ U1+ R4- D3+ L3- ALL0+ y2 U0+ R2- D0+ L1+ ALL1+,15,"R(5,-2) L(6,1) ur(-2,0) \(-2,1)"
TrondheimEuroQualifiers2022,16.6,c,B,1,UR0+ DR5- DL6+ UL3+ U3+ R1+ D0+ L5- ALL6+ y2 U4+ R6+ D0+ L3+ ALL5- DL UL,18,"UR(-2,2) UL(-4,-4) R(6,6) D(-1,1) ur(3,3) \(1,-1) ALL(0,1)"
TrondheimEuroQualifiers2022,16.6,c,B,2,UR1+ DR5+ DL1+ UL2- U6+ R2- D1- L2+ ALL2- y2 U2- R3- D1+ L2+ ALL0+ DR,16,"DR(-4,-3) DL(-1,1) U(-5,2) L(0,2) dl(1,-1) ul(2,-2) /(-1,-1)"
TrondheimEuroQualifiers2022,16.6,c,B,3,UR1+ DR0+ DL3- UL4- U3+ R4+ D1+ L4- ALL0+ y2 U1+ R2- D5- L2- ALL4- DL UL,19,"UR(1,2) DR(2,-2) UL(-1,0) R(4,0) dr(-2,-2) dl(-2,-3) ul(0,1) /(0,4)"
TrondheimEuroQualifiers2022,16.6,c,B,4,UR1+ DR4+ DL1+ UL4- U1+ R0+ D2- L0+ ALL5+ y2 U2+ R1- D1- L2+ ALL5-,15,"UR(-1,0) DR(-3,1) UL(3,3) R(-1,0) ur(-2,2) dl(0,-1) /(-2,2) ALL(0,2)"
TrondheimEuroQualifiers2022,16.6,c,B,5,UR3- DR1- DL6+ UL2+ U1+ R5- D1+ L6+ ALL3- y2 U1+ R1- D1+ L6+ ALL3- UR DL,15,"DR(-1,1) DL(-5,-2) R(-2,0) L(3,3) ur(0,1) dr(1,2) dl(0,-1)"
UlaanbaatarWinter2024,16.6,1,A,1,UR6+ DR1- DL2+ UL0+ U5+ R4- D1- L0+ ALL1+ y2 U4- R1- D2- L5+ ALL1-,15,"UR(1,1) R(-2,0) L(-2,-2) ur(-3,-3) dr(1,-2) ul(-1,-1) /(-2,4)"
UlaanbaatarWinter2024,16.6,1,A,2,UR5- DR5+ DL4+ UL3+ U2- R5- D1+ L5- ALL5- y2 U1+ R1- D5+ L3+ ALL3-,16,"UR(3,3) DR(2,0) UL(-2,-2) U(3,3) R(0,-1) ur(2,1) dr(2,2) /(-1,-1)"
UlaanbaatarWinter2024,16.6,1,A,3,UR5+ DR1+ DL4+ UL2- U4+ R2- D4- L0+ ALL4- y2 U3- R3- D5- L2- ALL6+,18,"UR(-3,2) DR(-1,1) UL(-2,-2) U(-2,-3) dr(4,-2) ul(0,-3) \(2,0)"
UlaanbaatarWinter2024,16.6,1,A,4,UR3+ DR2+ DL3- UL3- U0+ R3+ D1- L5+ ALL4- y2 U2- R1- D3+ L3+ ALL2-,18,"UR(0,-2) DR(1,0) DL(1,3) R(3,1) dr(-3,3) ul(-4,-2) \(0,-2)"
UlaanbaatarWinter2024,16.6,1,A,5,UR0+ DR6+ DL1+ UL2- U2- R5+ D2- L2+ ALL5- y2 U2- R2+ D2+ L1- ALL5+,16,"UR(1,0) DL(-4,0) UL(3,4) D(-1,-1) ur(-1,-1) dr(-1,0) dl(0,2) \(0,2)"
Ushuaia2025,16.6,f,A,1,UR1- DR5+ DL1- UL3- U2+ R6+ D3+ L1+ ALL0+ y2 U1- R3+ D3+ L1- ALL0+,15,"DR(2,2) DL(1,0) UL(2,-2) D(2,-1) L(0,-1) dl(-4,3) /(-3,3)"
Ushuaia2025,16.6,f,A,2,UR2- DR2+ DL1+ UL2+ U1+ R0+ D4+ L6+ ALL1+ y2 U3- R6+ D4+ L5- ALL1-,18,"UR(-1,-1) DR(1,0) DL(3,0) D(1,0) ur(-2,-3) dr(1,-2) dl(5,6) /(1,1)"
Ushuaia2025,16.6,f,A,3,UR1+ DR0+ DL5- UL3+ U3- R2- D1+ L6+ ALL4- y2 U0+ R3+ D4+ L6+ ALL5+,17,"DR(1,0) DL(3,-3) U(-1,0) L(5,5) dr(1,1) dl(3,3) /(2,0) \(1,0)"
Ushuaia2025,16.6,f,A,4,UR1+ DR2- DL2- UL3- U4+ R0+ D4- L5+ ALL2+ y2 U2+ R5+ D5+ L2- ALL2+,17,"DR(1,-2) DL(-2,-2) U(-2,0) D(-3,2) L(2,-2) dl(2,5) \(1,-1)"
Ushuaia2025,16.6,f,A,5,UR6+ DR4- DL2+ UL4- U4+ R0+ D3+ L5+ ALL3+ y2 U4- R1+ D1- L2- ALL3-,16,"UR(-3,0) UL(-3,3) R(1,1) D(-1,-3) ur(0,-1) dr(1,-1) \(2,4)"
VaudesincourtSideEvents2024,16.6,2,B,1,UR4- DR2+ DL2+ UL2+ U2+ R2+ D2- L5- ALL1+ y2 U2- R3- D1- L1- ALL0+,10,"DL(-1,-3) D(-1,0) L(2,-1) dl(-1,-1) ul(2,-2) ALL(-1,0)"
VaudesincourtSideEvents2024,16.6,2,B,2,UR3+ DR2- DL3+ UL1- U4- R3+ D2+ L3+ ALL3+ y2 U4+ R4- D4- L5+ ALL6+,20,"DL(-3,-3) U(2,-2) R(-4,-2) L(-2,1) ur(0,4) dl(0,-2) ul(-1,0) \(-2,-1)"
VaudesincourtSideEvents2024,16.6,2,B,3,UR6+ DR1- DL4- UL6+ U2+ R5- D5- L0+ ALL0+ y2 U2+ R2- D5+ L5+ ALL1-,17,"DL(-2,0) UL(0,-1) U(-2,4) ur(-4,4) dr(1,1) ul(-2,-2) \(-2,3)"
VaudesincourtSideEvents2024,16.6,2,B,4,UR6+ DR3+ DL3- UL2- U6+ R2+ D5- L3+ ALL5+ y2 U6+ R5- D6+ L6+ ALL5+,20,"UR(2,-1) DL(2,-4) R(-1,-1) D(3,-2) dr(6,6) ul(-3,-4)"
VaudesincourtSideEvents2024,16.6,2,B,5,UR6+ DR1+ DL4+ UL5+ U0+ R3+ D4+ L2+ ALL3- y2 U5+ R6+ D3- L2- ALL1-,16,"DR(2,2) DL(1,1) U(1,0) D(0,-2) ur(2,-2) dl(3,-3) ul(3,-3) ALL(2,0)"
VirginiaBeachFall2023,16.6,c,B,1,UR5+ DR2- DL5- UL5+ U0+ R6+ D3- L1- ALL6+ y2 U2- R2+ D5+ L4+ ALL4+ UL,17,"UR(3,-2) DL(1,-2) U(-1,-1) D(-3,-2) dr(3,4) dl(-2,2) \(0,2)"
VirginiaBeachFall2023,16.6,c,B,2,UR2- DR1- DL4+ UL1+ U4+ R2- D5- L5+ ALL5+ y2 U2- R1- D5- L2- ALL6+ UR,16,"UR(3,3) DR(2,0) U(6,-5) L(2,-1) ur(1,-1) ul(1,-1) ALL(0,1)"
VirginiaBeachFall2023,16.6,c,B,3,UR4- DR3- DL5+ UL2+ U1+ R5+ D0+ L2+ ALL5+ y2 U2- R4- D1+ L5+ ALL2- UL,19,"UR(1,-2) R(1,0) D(-2,2) L(3,4) ur(-2,0) dr(0,1) ul(0,-4) /(-2,-3)"
VirginiaBeachFall2023,16.6,c,B,4,UR5+ DR0+ DL1- UL2+ U4- R1+ D2+ L3- ALL1+ y2 U1- R1- D2+ L3+ ALL2+ UR UL,13,"UR(-5,-1) DR(-1,1) U(2,2) L(2,3) ul(-1,-1) ALL(0,1)"
VirginiaBeachFall2023,16.6,c,B,5,UR2+ DR6+ DL1+ UL3+ U0+ R2+ D3- L1- ALL3+ y2 U1- R4+ D2+ L2- ALL1+ UR,18,"UR(-2,1) DR(-4,0) UL(-1,0) U(-2,2) R(-4,4) D(0,-1) L(-2,-2) /(2,0)"
WesternOntarioWinter2025,16.6,c,A,1,UR4+ DR0+ DL3- UL2- U1+ R3- D2+ L2+ ALL3- y2 U5- R5+ D0+ L2- ALL0+,19,"UR(-3,-2) DL(1,1) R(2,3) D(0,5) L(2,-2) ul(0,2) ALL(0,3)"
WesternOntarioWinter2025,16.6,c,A,2,UR0+ DR2+ DL4+ UL1+ U2- R5+ D6+ L4- ALL4+ y2 U1- R5- D2- L0+ ALL2+,11,"UR(1,0) DL(-1,-1) R(4,-3) D(1,-1) dl(1,-2) ul(1,0) /(1,1)"
WesternOntarioWinter2025,16.6,c,A,3,UR3- DR5+ DL1- UL3- U5+ R6+ D5- L2+ ALL5- y2 U4- R2- D4- L4+ ALL6+,19,"UR(1,0) DL(1,-2) R(3,2) L(1,-4) dr(4,-4) ul(0,-4) /(1,0)"
WesternOntarioWinter2025,16.6,c,A,4,UR5+ DR3- DL4+ UL3- U3+ R1- D1+ L2- ALL0+ y2 U3- R0+ D2- L2+ ALL2+,16,"UR(-1,0) DL(-2,2) U(-4,-4) L(3,3) ur(3,-3) dr(-2,2) /(-1,-1)"
WesternOntarioWinter2025,16.6,c,A,5,UR4- DR4- DL3+ UL4- U1- R5- D6+ L0+ ALL0+ y2 U3- R3+ D0+ L2- ALL6+,18,"DR(1,-1) DL(3,1) U(-3,-3) D(3,-3) L(-2,-2) dl(-2,3) /(-3,-3)"
XMadridOpen2024,16.6,d,B,1,UR6+ DR4+ DL0+ UL4+ U6+ R5+ D1+ L5+ ALL4+ y2 U4+ R1+ D5+ L1+ ALL6+,21,"UR(2,2) DR(-5,-5) UL(3,-1) U(3,4) D(0,3) ur(1,1) dl(-1,1) \(-2,0)"
XMadridOpen2024,16.6,d,B,2,UR2+ DR4+ DL1+ UL2+ U5- R2- D2+ L1- ALL3+ y2 U2+ R2- D3- L1- ALL3-,18,"DR(-4,3) DL(-2,2) U(1,0) D(-1,2) dr(0,-1) dl(3,-2) \(-3,-1) ALL(0,2)"
XMadridOpen2024,16.6,d,B,3,UR2+ DR1+ DL3- UL0+ U2- R2- D4- L3- ALL5- y2 U3- R4- D6+ L1- ALL4-,17,"UR(-1,0) DL(6,4) U(1,-1) D(0,-3) dr(0,-1) dl(-2,-4) /(0,-1)"
XMadridOpen2024,16.6,d,B,4,UR1- DR1+ DL6+ UL1- U2+ R1+ D5- L3- ALL0+ y2 U2+ R5+ D2+ L3- ALL0+,15,"DR(-1,0) DL(-1,0) D(0,2) L(-1,0) ur(-3,-3) dl(-2,2) ul(-2,3) \(-2,2)"
XMadridOpen2024,16.6,d,B,5,UR2- DR1- DL2- UL1- U3+ R1+ D2+ L5+ ALL6+ y2 U1+ R3+ D1- L5- ALL3-,12,"DR(1,-1) R(1,2) L(-2,-4) dr(2,-1) ul(0,1) /(-1,-2)"
