competition_id,mean,round_type_id,group_id,scramble_num,scramble,optimal_tickcount,tickcount_solution
PribramCube2024,20.6,f,A,1,UR0+ DR4+ DL0+ UL3- U4+ R3- D2+ L4- ALL1+ y2 U2+ R1- D6+ L0+ ALL1+,23,DR1- DL5- U1- ur3+ ul3+ y2 D2+ U1+ DR4+ UR3-
PribramCube2024,20.6,f,A,2,UR4- DR2- DL3- UL1+ U4+ R5+ D5+ L6+ ALL0+ y2 U2- R4- D4- L4- ALL5-,21,UL1- R1+ L3- ul2- \5+ y2 dr1- L2+ UL2+ DR4+
PribramCube2024,20.6,f,A,3,UR1- DR3+ DL6+ UL1- U3+ R3+ D5+ L2- ALL3+ y2 U3+ R3+ D1+ L0+ ALL2+,20,DL2- UL1- R5- /1+ y2 ul4- dr1+ ur2- D1- UR3-
PribramCube2024,20.6,f,A,4,UR5+ DR4- DL6+ UL2+ U4+ R0+ D5- L2+ ALL3+ y2 U3- R1+ D4+ L0+ ALL2+,21,UR1- DR1+ DL2+ U2+ R1- ur4- y2 dl2- UL3+ DL3- DR1- /1-
PribramCube2024,20.6,f,A,5,UR3+ DR1+ DL5+ UL2- U3- R1- D1- L1+ ALL3+ y2 U0+ R2+ D1- L1- ALL4+,18,DL5- UL2+ R3- L1- ALL1+ y2 dr3- R2- DL1+
IndianNationals2014,21.0,f,B,1,UR0+ DR0+ DL0+ UL1+ U2+ R0+ D1- L2+ ALL1+ y2 U2- R2+ D2+ L4+ ALL2+ UR,19,DL1+ UL1- U2- L3- y2 ul3- U2+ L4- DR2- ALL1-
IndianNationals2014,21.0,f,B,2,UR3- DR5- DL2+ UL4- U3+ R4+ D5+ L4+ ALL4- y2 U1- R3- D0+ L6+ ALL1- UR DR UL,21,UR4+ DL2- dr1- /3- y2 ur2+ R3+ L5+ UL1+
IndianNationals2014,21.0,f,B,3,UR0+ DR4- DL2- UL1- U3- R4+ D3- L5+ ALL4- y2 U5- R3+ D3+ L0+ ALL2- DL UL,21,DL1- U4+ D2- L1- ul2- /2- y2 dl1- U5+ DR3-
IndianNationals2014,21.0,f,B,4,UR1+ DR3+ DL4- UL2+ U1- R0+ D5+ L3+ ALL5- y2 U1- R5+ D6+ L0+ ALL6+ UR DR UL,16,UR2- DR2- DL2- L1+ /1+ y2 dr1+ DR6+ UR1+
IndianNationals2014,21.0,f,B,5,UR4- DR3+ DL5+ UL2- U3+ R1+ D3- L5- ALL3+ y2 U3- R4+ D4- L4+ ALL4- UR DL,28,UL2+ U1+ D5- \3+ ALL2- y2 ur1+ R4- L1+ UL3+ DL4+ /2-
Cube4funSiedlceAutumn2023,21.4,d,B,1,UR3+ DR2+ DL5- UL3+ U5- R1- D2- L2+ ALL2- y2 U1+ R2- D4+ L5- ALL2+ UR DR UL,25,UR1+ DR5- U2- D2- /1+ y2 UL3- DL4- UR2+ /5+
Cube4funSiedlceAutumn2023,21.4,d,B,2,UR3- DR4- DL0+ UL5- U6+ R3- D4+ L0+ ALL4- y2 U4+ R1- D1+ L4+ ALL3- DR,20,UR2- UL5+ U1- ul4- \1- y2 D2- UL4- DR1+
Cube4funSiedlceAutumn2023,21.4,d,B,3,UR1- DR3+ DL2- UL1- U4+ R3- D4+ L5+ ALL4- y2 U1- R0+ D2- L2- ALL5- UL,19,UL2- R1+ D5- /1+ y2 ul2+ dl4+ dr1+ U1+ DL2+
Cube4funSiedlceAutumn2023,21.4,d,B,4,UR1+ DR2- DL3+ UL0+ U1- R2+ D1+ L2- ALL5+ y2 U2- R1- D0+ L5+ ALL2+ UR UL,17,UR1- DL2- UL1+ ul2- ALL3- y2 ul1- U1+ L5- UR1+
Cube4funSiedlceAutumn2023,21.4,d,B,5,UR0+ DR2- DL1- UL5- U1- R6+ D2- L4+ ALL2+ y2 U1+ R3+ D2- L0+ ALL1+ DL,26,UR6- DR2+ DL2+ D1+ y2 dl4+ dr5- D2+ R2- UR1- /1-
IvreaBacktoSquareOne2024,21.4,c,B,1,UR1+ DR1+ DL1+ UL2- U2+ R1- D3- L5+ ALL2+ y2 U1+ R2- D1- L2+ ALL2+,14,UR1- D1+ L4- dr2- y2 ur1- R1+ U1- L2- DR1+
IvreaBacktoSquareOne2024,21.4,c,B,2,UR1+ DR1- DL5- UL3- U1+ R5+ D2+ L0+ ALL0+ y2 U1+ R2- D4- L2+ ALL2-,25,UR2- DL5+ UL3+ R3- D1- ALL2- y2 D5+ R2+ UL1- DL1-
IvreaBacktoSquareOne2024,21.4,c,B,3,UR0+ DR4+ DL5- UL3+ U2- R6+ D0+ L3+ ALL3+ y2 U3- R5- D5- L4- ALL0+,23,DR2+ DL1- U1- y2 ul1- ur3- U3+ L4+ DR5+ \3-
IvreaBacktoSquareOne2024,21.4,c,B,4,UR4- DR1+ DL2- UL2+ U1+ R0+ D0+ L3- ALL2+ y2 U2+ R5- D5- L5+ ALL2+,24,UR1+ DL3+ R2+ D2- \1- y2 ul3+ dl1- L3- UL2- DR5+ \1-
IvreaBacktoSquareOne2024,21.4,c,B,5,UR4- DR3- DL2+ UL4+ U3- R0+ D1+ L5+ ALL0+ y2 U1+ R0+ D4- L3- ALL5-,21,UR2+ UL1+ R5+ ur2+ y2 dr1+ UL1- DL4+ \5-
AllorNothingBogota2023,21.6,c,B,1,UR4+ DR4- DL2+ UL2- U1- R4- D3+ L1- ALL5+ y2 U0+ R1+ D5- L5+ ALL4- DR,25,UR2- DR1- UL1+ R5- ALL5+ y2 dl1+ D2- R1- DL5- /2-
AllorNothingBogota2023,21.6,c,B,2,UR4+ DR4+ DL1+ UL4- U6+ R6+ D4- L5- ALL4- y2 U1- R1- D1+ L2- ALL5+ DL,18,UR1- DR1- UL4- U1- /3+ y2 ul1- dr3- D1- L2+ UR1+
AllorNothingBogota2023,21.6,c,B,3,UR1+ DR2+ DL4+ UL5+ U4+ R5+ D4- L1+ ALL2+ y2 U1- R0+ D3+ L3+ ALL5+ UR UL,22,UR2+ R2+ D2- L2+ y2 dr1+ U1+ DL3- /4- \5-
AllorNothingBogota2023,21.6,c,B,4,UR1- DR0+ DL1- UL4+ U0+ R4+ D0+ L4+ ALL4+ y2 U1+ R1- D1+ L0+ ALL5+ UR DR DL,20,UR3- DL1+ L4+ dl4- y2 dl4- D1- R1+ U1- ALL1-
AllorNothingBogota2023,21.6,c,B,5,UR3- DR4+ DL3- UL1+ U4+ R5- D6+ L4+ ALL5+ y2 U2+ R1+ D4- L4+ ALL5+ UR DR DL,23,DR5+ UL2- R1- ur3- y2 dr2+ D5- UL1- DL3- UR1-
BatamOpen2018,21.6,d,D,1,UR1+ DR6+ DL2- UL6+ U3+ R1+ D0+ L3+ ALL3- y2 U1- R2- D1+ L1- ALL1- UR DR DL UL,19,DR4+ DL2+ UL2+ D2+ L1+ /2- y2 dl2+ D1- R2+ UL1+
BatamOpen2018,21.6,d,D,2,UR1+ DR4+ DL1+ UL1- U6+ R3+ D3- L1- ALL1+ y2 U5- R1+ D2+ L4+ ALL0+ UR DR DL,25,UR5+ DR1- UL1+ D1- dl3- y2 ur3- D2- R1- U3- UL4- /1-
BatamOpen2018,21.6,d,D,3,UR5+ DR6+ DL3- UL4- U4+ R5+ D1- L5+ ALL5- y2 U1- R2+ D2+ L1+ ALL3- UR DR UL,23,UR4- DL2+ U1- D4- ur1- /4- y2 R2- UL1+ DL2- ALL2+
BatamOpen2018,21.6,d,D,4,UR4- DR3+ DL6+ UL3+ U3+ R1+ D2+ L3+ ALL5- y2 U3- R2- D2+ L0+ ALL3+ DL UL,20,U2- D1+ dl1+ y2 ur3- D1- DR1- UR3+ /5+ ALL3-
BatamOpen2018,21.6,d,D,5,UR0+ DR6+ DL1- UL1+ U3- R4+ D5+ L1+ ALL1+ y2 U4- R6+ D2- L1- ALL2+ DL UL,21,DR2+ UL2+ L3- ul3- y2 ul3+ L1+ DR2+ UR4+ \1+
CubingAtPASB2022,21.6,c,A,1,UR3+ DR2+ DL5+ UL6+ U0+ R2+ D5- L1- ALL5+ y2 U4+ R3+ D1+ L3+ ALL0+ UR DR,24,UR1+ DR2- UL2+ R6- y2 dl1+ D1- L2- UL1- UR3- /5-
CubingAtPASB2022,21.6,c,A,2,UR5- DR4+ DL2+ UL2- U3- R2- D1- L3- ALL3- y2 U5+ R6+ D4+ L4+ ALL0+ DL,26,UR1- DR4+ DL3+ U1- ul4- y2 L1- UL3- DR4- UR2- /3+
CubingAtPASB2022,21.6,c,A,3,UR5- DR1+ DL4+ UL1+ U0+ R6+ D4- L6+ ALL1+ y2 U2- R0+ D1+ L0+ ALL4+ UR UL,19,DR1- UL1+ U3+ R1- y2 ul3+ dr2+ D1+ DR2- UR2+ /3+
CubingAtPASB2022,21.6,c,A,4,UR2- DR4+ DL2- UL1+ U4+ R1+ D1+ L2+ ALL2+ y2 U4+ R1- D3- L2- ALL5-,22,UR3- DL1- D2- \5- y2 ul1- dl1- ur2- U4- DL2+ DR1+
CubingAtPASB2022,21.6,c,A,5,UR5+ DR1- DL1+ UL0+ U5- R2- D3+ L2+ ALL4+ y2 U0+ R2+ D4+ L2+ ALL2+,17,DL3- R2- ALL2- y2 dr5- ur1- DL2- DR2-
CubingKnightsV2023,21.6,f,A,1,UR4+ DR5- DL4+ UL4- U4- R5+ D1+ L3+ ALL1- y2 U2+ R1- D6+ L4+ ALL3- UR DR DL,27,UR4- UL3- U1- ur3+ /2+ y2 dl3- U2- L3+ DL5+ DR1+
CubingKnightsV2023,21.6,f,A,2,UR0+ DR3- DL5- UL2+ U4+ R6+ D1- L5- ALL3+ y2 U2+ R1+ D2+ L1- ALL6+ UR,23,UR3- DL1- UL3- D2- ul1- \3- y2 ul3+ U1- L3+ DL2- UR1-
CubingKnightsV2023,21.6,f,A,3,UR2- DR0+ DL5- UL6+ U5- R5+ D5- L2- ALL0+ y2 U2+ R5+ D2+ L5- ALL5+ UR DR,19,DR2- UL1+ R1- /2- y2 L4+ UL1+ DR2- UR3- /3+
CubingKnightsV2023,21.6,f,A,4,UR3- DR3- DL4- UL4+ U2+ R5- D4- L1+ ALL5+ y2 U3+ R3+ D1+ L4+ ALL1+ DR DL,23,DR1- U3- L1- y2 ul1+ ur4- D2+ L1- UL3- DR3- \4-
CubingKnightsV2023,21.6,f,A,5,UR3+ DR2+ DL1+ UL2+ U2+ R5+ D4- L2- ALL5- y2 U1- R1- D0+ L0+ ALL6+ DR DL UL,16,DR2+ DL1- U5+ dl1+ /1+ y2 dr2- ur3- UR1+
ImaginaliaOpen2018,21.6,c,B,1,UR4+ DR5+ DL0+ UL4+ U5+ R0+ D3+ L3- ALL3- y2 U3- R1+ D4+ L4- ALL5+ UR DR UL,22,DR1+ UL1- R2+ D3+ /4+ y2 ur2- D4- UL4+ UR1-
ImaginaliaOpen2018,21.6,c,B,2,UR2- DR2+ DL6+ UL1- U0+ R3+ D4- L4- ALL4- y2 U1+ R1+ D0+ L2+ ALL3- DR UL,17,DR3- DL1- U3+ ur5+ y2 R1- U1+ UL2- \1+
ImaginaliaOpen2018,21.6,c,B,3,UR4+ DR0+ DL3- UL5- U5+ R3- D3+ L3- ALL2+ y2 U5+ R1+ D1+ L5+ ALL1+ UR DR UL,23,UR1- DL2+ UL3- D2- dr4+ y2 dr4+ UL5- DR1- ALL1+
ImaginaliaOpen2018,21.6,c,B,4,UR3+ DR4+ DL0+ UL2+ U6+ R3+ D0+ L4+ ALL2- y2 U5+ R2+ D2+ L6+ ALL6+ UR DR DL UL,27,UR3+ DR1- DL3- UL2- L1- ALL4- y2 ul1+ ur3- U1+ UL6+ DR2-
ImaginaliaOpen2018,21.6,c,B,5,UR3- DR0+ DL4+ UL3- U1- R1- D1- L3- ALL3+ y2 U2+ R2- D2- L2- ALL4+ DR UL,19,UR4+ DL1- UL3+ D2- \1+ y2 U2- L2+ DR2+ ALL2-
LuziceSummer2023,21.6,d,A,1,UR3+ DR4- DL3+ UL5- U1- R2+ D4- L1+ ALL3- y2 U6+ R0+ D5+ L0+ ALL2- UR UL,25,UR1- DL3- UL4+ D4- y2 dr1+ D2- U3+ UL3+ DL3- \1+
LuziceSummer2023,21.6,d,A,2,UR1- DR1+ DL2+ UL1- U4+ R1+ D4- L2- ALL2+ y2 U5+ R3- D3- L5- ALL3+ DR UL,19,UR1- DL1+ U1- /1- y2 dr3- ur2- L2- UL5- DR3+
LuziceSummer2023,21.6,d,A,3,UR3+ DR4+ DL3+ UL6+ U4+ R3- D4- L4+ ALL5- y2 U3- R4- D1- L6+ ALL5+,21,DR4- UL1- D1+ dr2+ \2+ y2 dr1- L6+ DR1+ UR3+
LuziceSummer2023,21.6,d,A,4,UR3+ DR2+ DL5- UL4+ U4- R4- D2+ L0+ ALL0+ y2 U0+ R5+ D3- L3+ ALL5- UR DR,20,UR1- DL1+ U2- /4+ y2 dr1- ur1- D1- DL3- DR5- /1-
LuziceSummer2023,21.6,d,A,5,UR1- DR2+ DL4+ UL4- U5+ R3- D2+ L1- ALL3+ y2 U3+ R2- D5+ L6+ ALL2+ UL,23,DL1+ R2+ D3+ ALL1- y2 dl1+ dr1+ L4+ DL2+ DR5+ UR3-
SouthGermany2025,21.6,d,B,1,UR2+ DR0+ DL0+ UL2- U3+ R1- D2+ L5+ ALL2- y2 U1+ R3+ D2+ L1+ ALL6+,16,UR1- DL2- UL1- U1- dr2- y2 dr1- L1- DR2- UR1- ALL4+
SouthGermany2025,21.6,d,B,2,UR2+ DR1+ DL4- UL5+ U5+ R0+ D1- L0+ ALL0+ y2 U2- R6+ D0+ L3+ ALL1-,26,UR3- UL1- U4+ D4+ y2 ul4+ R3+ L2- UL1- UR3+ \1-
SouthGermany2025,21.6,d,B,3,UR5+ DR2- DL3- UL0+ U3+ R1+ D5+ L4- ALL4- y2 U1+ R2+ D4+ L4- ALL3-,25,UR4- UL4- L1- ur3- ALL1- y2 D4- L3+ UL1+ UR2- \2+
SouthGermany2025,21.6,d,B,4,UR1- DR6+ DL3- UL1+ U2- R4+ D2- L4+ ALL5- y2 U1+ R1+ D0+ L1- ALL2+,21,UR2+ DR1- R2+ L2- ur3- y2 dl3+ dr1- L1+ UR1- \5-
SouthGermany2025,21.6,d,B,5,UR1+ DR3- DL2+ UL0+ U5+ R4+ D1- L5- ALL3- y2 U1+ R1+ D2+ L2+ ALL2-,20,UR4- DR2+ U2- L3+ ALL1+ y2 ul3- dr2+ UL1- DL1- DR1-
SpokaneSummer2023,21.6,f,A,1,UR5- DR2- DL2+ UL2- U3+ R6+ D0+ L1+ ALL1- y2 U0+ R4+ D0+ L6+ ALL0+ DR UL,24,DR1+ DL1- U4+ dl5- /1- y2 ul1- dl1+ R4- L6+
SpokaneSummer2023,21.6,f,A,2,UR2- DR2- DL2+ UL3- U2+ R2+ D3+ L6+ ALL1- y2 U1+ R0+ D5+ L1- ALL3- UR DR DL UL,23,UR2+ DL3- UL1+ L3- ALL4- y2 ul1+ D5- U1- L1+ \2+
SpokaneSummer2023,21.6,f,A,3,UR2- DR4- DL1- UL3+ U1- R3+ D1+ L1- ALL0+ y2 U3- R3- D2+ L2+ ALL0+ UR DL UL,14,DR3+ DL1+ L2- y2 dr2+ ur1- DL2- UR3+
SpokaneSummer2023,21.6,f,A,4,UR4+ DR1- DL4+ UL3- U4+ R2+ D1+ L4- ALL5- y2 U3- R5+ D1+ L1- ALL2+ UR DR DL UL,30,UR4+ DR1+ UL3+ R2+ D5- \5+ y2 R4- L2- UL3+ DR1-
SpokaneSummer2023,21.6,f,A,5,UR1- DR1- DL1- UL3+ U2+ R0+ D3+ L0+ ALL5- y2 U0+ R3- D0+ L0+ ALL0+ UR DR,17,UL4- R2+ D1- L2+ /1- \1- ALL3+ y2 R3+
LLSMeetingDays2018,21.8,1,A,1,UR0+ DR5- DL5- UL5+ U5- R5+ D5+ L1- ALL4+ y2 U0+ R2- D5+ L1+ ALL2- UR UL,25,DL5+ L4- ul2+ /6- y2 dl1+ D4- R2+ DL1-
LLSMeetingDays2018,21.8,1,A,2,UR2- DR5- DL3+ UL6+ U2- R2+ D5+ L5+ ALL4- y2 U1+ R5- D2- L1+ ALL4+ UR DR DL UL,21,DR3- UL2- R4- ur1+ y2 dr1+ R3+ UL1- DR2+ \4-
LLSMeetingDays2018,21.8,1,A,3,UR4+ DR2- DL2- UL2+ U6+ R5- D4+ L0+ ALL4- y2 U1+ R1+ D2+ L2- ALL3+,22,DR3+ D3- /1+ ALL4- y2 dr4- U2- L2+ DR2- UR1+
LLSMeetingDays2018,21.8,1,A,4,UR1- DR4- DL5+ UL6+ U5+ R2- D6+ L6+ ALL5- y2 U2+ R3- D3- L1+ ALL2+ DR DL,25,DR5- DL2- UL3- U5+ /3+ ALL2- y2 U1- UL1- DR3+
LLSMeetingDays2018,21.8,1,A,5,UR5+ DR3+ DL2- UL0+ U6+ R3+ D4- L3- ALL4+ y2 U1- R2- D3- L2- ALL4+ UR UL,16,DL3+ UL1+ R1+ L1+ dl5+ ul1+ y2 DL2+ DR1+ UR1+
N8W8Summer2016,21.8,c,B,1,UR5- DR1+ DL5+ UL1+ U2+ R1+ D2+ L4+ ALL2- y2 U0+ R4- D5- L1+ ALL2- UR DR DL,21,UR2+ DR1+ DL2+ D1+ dl3- y2 ul3- dl1- ur2- D1+ L1- DR4+
N8W8Summer2016,21.8,c,B,2,UR3- DR3- DL0+ UL3- U3- R1+ D4+ L1- ALL2+ y2 U2- R2+ D5+ L3+ ALL2- UL,22,UR5+ UL4+ D1- ALL2- y2 dl1- U2+ DL3- DR2- /2-
N8W8Summer2016,21.8,c,B,3,UR3+ DR5- DL3- UL1- U4- R2+ D4+ L6+ ALL0+ y2 U0+ R2+ D6+ L3- ALL2- DR DL,25,DL4+ UL2+ L4+ y2 dr2- R2- L3- DL6+ /1- \1-
N8W8Summer2016,21.8,c,B,4,UR2- DR5- DL5- UL4- U3- R5+ D2+ L3+ ALL2+ y2 U6+ R0+ D2- L2+ ALL4-,25,DL3- UL3- R2+ D1- y2 ul2- U2- UL2- DR2+ UR2- \5+ ALL1-
N8W8Summer2016,21.8,c,B,5,UR2- DR4+ DL2+ UL3+ U2- R5- D6+ L5- ALL0+ y2 U2- R2- D1- L1- ALL3- DR DL,16,UR3+ U2- dr2- y2 ul2- dr1- DL1+ UR2+ \3-
SaoMiguelBlindSides2024,21.8,f,A,1,UR1- DR2- DL0+ UL4+ U3- R0+ D4+ L3- ALL4+ y2 U1- R2- D1+ L3- ALL2+,18,UR1+ DR2+ UL1- D4- dr1+ ALL2- y2 D1- U1- L3+ UR2+
SaoMiguelBlindSides2024,21.8,f,A,2,UR0+ DR0+ DL4- UL2+ U1- R0+ D5- L5+ ALL6+ y2 U0+ R5- D2- L5+ ALL4+,17,DL3- U1- ul1+ y2 L2- DL3- DR5+ \2-
SaoMiguelBlindSides2024,21.8,f,A,3,UR2- DR3- DL1+ UL1- U2- R5- D4+ L4+ ALL6+ y2 U2- R2- D2- L6+ ALL1+,27,DR2- UL4- U3- /5- y2 ul1- U2+ L6+ DR2+ /2+
SaoMiguelBlindSides2024,21.8,f,A,4,UR3+ DR4+ DL2+ UL4+ U5+ R5+ D5+ L6+ ALL4+ y2 U4+ R0+ D3+ L1+ ALL3-,19,D1+ /4+ \4+ ALL1+ y2 ul2+ D3- U3- UL1-
SaoMiguelBlindSides2024,21.8,f,A,5,UR5+ DR6+ DL2+ UL3- U2+ R4- D2- L3- ALL5+ y2 U5- R1- D1- L2- ALL1-,28,UR1- DR6- UL4+ U5+ \2+ y2 D1+ U2+ UL2+ UR1+ ALL4+
AsianChampionship2018,22.0,1,B,1,UR1- DR0+ DL1+ UL0+ U4- R4- D5+ L0+ ALL1- y2 U1+ R4- D1- L1- ALL0+,23,UR5+ DL1- D5- dl4+ ALL1+ y2 D1+ R4+ U1- L1+
AsianChampionship2018,22.0,1,B,2,UR2- DR2- DL2+ UL5+ U2+ R6+ D2+ L5+ ALL3+ y2 U1- R4- D6+ L2- ALL1+ UR DR UL,23,DR2- U5- \2- y2 dl1- ur2- U1+ DL2+ DR4+ \4-
AsianChampionship2018,22.0,1,B,3,UR2+ DR3+ DL4- UL5- U0+ R1- D2+ L1+ ALL4+ y2 U0+ R0+ D2+ L2+ ALL3- UR DL,25,UR1- DR5- DL4+ UL4+ R2+ dl1+ ALL5+ y2 dl1+ DL2-
AsianChampionship2018,22.0,1,B,4,UR5+ DR2+ DL1- UL1- U4- R3- D1+ L0+ ALL3- y2 U1+ R4+ D2+ L3- ALL6+ UR DR DL UL,22,UR2- DR2- UL2+ dr3+ \3+ y2 ul2+ U1+ L3+ DR2- UR2-
AsianChampionship2018,22.0,1,B,5,UR6+ DR2+ DL0+ UL1- U2- R2- D1+ L1+ ALL4+ y2 U0+ R1+ D3- L1- ALL1+,17,UR3- DR3- ALL3- y2 dr2- ur1+ D3+ UL1+ UR1-
Cube4funinWarsaw2024,22.0,f,A,1,UR4- DR1+ DL6+ UL2+ U1+ R0+ D6+ L3- ALL2+ y2 U3+ R2- D6+ L3+ ALL3-,24,UR1+ DR2+ DL3- L2- /3+ y2 ul1- dl1+ D4+ UL3- DR2+ ALL2+
Cube4funinWarsaw2024,22.0,f,A,2,UR2- DR1- DL3- UL4- U3+ R4- D4+ L4+ ALL1- y2 U5+ R2+ D2+ L3+ ALL5-,21,UL3+ R5- ur2- ALL4- y2 U2- UL2- DL1- DR1- UR1-
Cube4funinWarsaw2024,22.0,f,A,3,UR4+ DR1- DL3+ UL4+ U4- R2- D3+ L5- ALL1+ y2 U1+ R0+ D0+ L1+ ALL2-,17,UR2- UL2- R1+ D5- dr2+ \3+ y2 ur1+ UL1-
Cube4funinWarsaw2024,22.0,f,A,4,UR1+ DR5+ DL1- UL3- U1- R6+ D6+ L1+ ALL4- y2 U0+ R4- D1+ L3+ ALL5+,23,UL3+ D2+ ALL3- y2 dr1- ur5- R5+ L3- DR1-
Cube4funinWarsaw2024,22.0,f,A,5,UR2- DR2- DL5- UL3- U2+ R1+ D1+ L2- ALL3+ y2 U4- R4+ D5+ L0+ ALL5+,25,UR3+ D6- L2- y2 dl1+ dr1- R1+ U4+ DR5- \2+
MinnesotaCubeDays2020,22.0,d,B,1,UR1- DR4+ DL3- UL4- U4+ R0+ D2- L4- ALL5+ y2 U2+ R3+ D2+ L1- ALL6+ DL,19,DR3- U1+ D4+ L1- y2 ul1+ dl2+ D2- DL1+ DR1- UR2- /1+
MinnesotaCubeDays2020,22.0,d,B,2,UR2+ DR0+ DL5- UL4- U2+ R5- D4- L1- ALL1+ y2 U5+ R0+ D2+ L5+ ALL5+ UR DR DL UL,25,DL2- R3+ D1- dr4- \5- ALL1- y2 ul2+ D2- UL5-
MinnesotaCubeDays2020,22.0,d,B,3,UR2+ DR0+ DL0+ UL1- U1- R2- D2+ L3+ ALL2- y2 U2- R4- D1+ L0+ ALL4- UR UL,16,DL2- dr1- \2+ y2 ul4+ D1- R4+ U2+
MinnesotaCubeDays2020,22.0,d,B,4,UR2+ DR6+ DL2- UL2- U3+ R4+ D4+ L3+ ALL5+ y2 U3- R1- D2+ L0+ ALL2+ DL UL,21,UR2- DR2+ DL2+ UL1- y2 D2- U2+ UR1+ \4+ ALL5-
MinnesotaCubeDays2020,22.0,d,B,5,UR6+ DR2- DL0+ UL4+ U3- R4- D4+ L1- ALL1+ y2 U3+ R4- D2+ L6+ ALL1- DL,29,UL5+ D2- L4+ y2 dl3+ dr2+ R4+ U1+ UL4- DL2- ALL2+
OsloOpen2025,22.0,1,B,1,UR2- DR5- DL2+ UL3- U4+ R2+ D0+ L1+ ALL4+ y2 U4- R1+ D3+ L5- ALL5-,25,UR2+ DR3+ U1- dl4- /3- y2 ul2- D4- R1- UL4+ DL1+
OsloOpen2025,22.0,1,B,2,UR1+ DR4+ DL4- UL2- U3- R6+ D5- L0+ ALL2+ y2 U1+ R1- D4+ L4- ALL1+,26,DL5+ UL1+ U3+ R1+ \3+ y2 D4+ R2+ DL4+ UR1- /2+
OsloOpen2025,22.0,1,B,3,UR2- DR2+ DL5- UL1- U4- R5+ D4- L4- ALL1- y2 U3- R0+ D1- L5+ ALL3-,24,UR5- DL2- D3- y2 ul3- dl1+ ur1- L3+ UL3+ DL1+ /2-
OsloOpen2025,22.0,1,B,4,UR1- DR3+ DL3+ UL3- U2+ R2- D4- L3- ALL6+ y2 U3- R6+ D2+ L0+ ALL3+,25,DL2- UL2+ L3+ dr5+ /3+ y2 ul1- dr1+ D2- R3+ UR3+
OsloOpen2025,22.0,1,B,5,UR1+ DR1- DL2+ UL3- U6+ R1+ D1- L1+ ALL2- y2 U2+ R1+ D0+ L0+ ALL1-,10,UR1- U3- y2 ul2- R1+ UR2- \1+
VolgaNizhnyNovgorod2020,22.0,1,A,1,UR2+ DR0+ DL1- UL4- U2- R1- D3+ L5+ ALL4+ y2 U1- R1+ D2- L1+ ALL2- DL,23,DR1- U4+ D1- dl2+ ALL2+ y2 U1+ L4- DL3+ DR1- \4+
VolgaNizhnyNovgorod2020,22.0,1,A,2,UR3- DR0+ DL5- UL2+ U1- R1- D5- L3+ ALL0+ y2 U1- R4+ D3+ L3+ ALL0+ UL,21,UR2+ DR2+ D4- \2- y2 R1- L4- UL1+ DR3- \2-
VolgaNizhnyNovgorod2020,22.0,1,A,3,UR0+ DR2+ DL2- UL2+ U0+ R1- D5+ L3- ALL3+ y2 U1- R3- D3+ L0+ ALL4+ DR DL UL,21,UR1- DL4+ UL1- D3+ ul2+ \1- y2 ul3- D3- R2+ UR1+
VolgaNizhnyNovgorod2020,22.0,1,A,4,UR3+ DR5- DL1+ UL4+ U0+ R0+ D2- L4+ ALL4+ y2 U3- R5- D1- L2+ ALL4+ DL,24,UR4- DR6- U3- L3+ ul1+ y2 L1- UL1- DR1+ UR4+
VolgaNizhnyNovgorod2020,22.0,1,A,5,UR4+ DR4+ DL5- UL4+ U5+ R4- D4+ L1- ALL1+ y2 U2- R3- D1+ L1+ ALL2- UR DR DL,21,UR1- DR3- L2+ \2+ y2 ul5- dr2- D1- UL1- UR3+ \1-
BinusSpeedcubing2024,22.2,c,B,1,UR1- DR1+ DL1+ UL3- U4+ R2- D1- L4+ ALL6+ y2 U3+ R0+ D4- L4- ALL0+,18,DL1- R2+ L1- ALL3+ y2 dr1+ U3- DL4+ \3+
BinusSpeedcubing2024,22.2,c,B,2,UR1- DR1+ DL6+ UL1+ U0+ R0+ D4- L3- ALL3- y2 U4- R2+ D5+ L0+ ALL3-,21,DL4- D1+ ur5+ /1+ y2 D3- U4+ DR2- /1+
BinusSpeedcubing2024,22.2,c,B,3,UR0+ DR1- DL5+ UL4+ U5- R4+ D5- L0+ ALL2- y2 U0+ R5- D6+ L1- ALL3-,21,DR1+ U1+ R4- L3+ ALL1- y2 dl4- D1+ L1+ DR5+
BinusSpeedcubing2024,22.2,c,B,4,UR0+ DR5- DL2- UL3- U1+ R6+ D4+ L5+ ALL0+ y2 U3+ R0+ D1- L4- ALL2+,24,UR1+ DR3+ U1+ R5- ur3- /3- y2 U3- L3+ DL1+ /1-
BinusSpeedcubing2024,22.2,c,B,5,UR2+ DR1- DL5- UL2- U6+ R0+ D2- L3- ALL4- y2 U5+ R5+ D1+ L4- ALL5-,27,UR2- DR1+ UL2- U2- D5- ur4- ALL1- y2 U1- L4+ DR1- UR4-
CashewCubing2022,22.2,c,A,1,UR5- DR2+ DL1- UL1- U1- R3+ D2+ L1- ALL1+ y2 U2- R4- D1+ L2+ ALL1+ DR DL,19,UR4+ DR3- UL3+ R1- \1- ALL1- y2 R2+ L1- DL1- UR2+
CashewCubing2022,22.2,c,A,2,UR0+ DR2+ DL4+ UL1- U6+ R3- D5- L3- ALL2- y2 U0+ R3+ D0+ L3+ ALL4+ UR DL,24,UR2+ DR1- U5+ ALL4- y2 ul2- dl1+ ur1- R3- L3- /2-
CashewCubing2022,22.2,c,A,3,UR2- DR4- DL4- UL1+ U3- R2- D3- L0+ ALL3- y2 U1+ R4+ D6+ L2+ ALL6+ UR UL,25,UR1+ DR5- UL3+ D4+ /4+ ALL1+ y2 D1- UL1- DL1- DR4-
CashewCubing2022,22.2,c,A,4,UR4- DR3- DL4+ UL5- U4- R3+ D4- L0+ ALL3+ y2 U5+ R2+ D4+ L2+ ALL4+,23,DR3+ UL1+ R1+ ur5+ y2 dl2+ D4- L1+ UL3- UR2- /1+
CashewCubing2022,22.2,c,A,5,UR4- DR1- DL2+ UL1+ U3+ R6+ D0+ L1- ALL3+ y2 U6+ R2- D0+ L0+ ALL3- DR DL UL,20,DL2- R1- D1+ ALL5+ y2 dr4+ U4+ UR2+ \1+
ClockMastersBogota2024,22.2,1,B,1,UR5+ DR5+ DL1+ UL3+ U2+ R3+ D5+ L5+ ALL0+ y2 U2- R1+ D2- L2- ALL3-,21,DL1+ UL2+ R1- ur2+ /3+ y2 dr5- R3- DL2+ UR2+
ClockMastersBogota2024,22.2,1,B,2,UR2- DR1+ DL5+ UL1+ U4+ R4+ D4- L0+ ALL5+ y2 U1- R3+ D5- L2- ALL6+,25,UR1- DR2- UL2- L4- dl4- /1- y2 R4+ L1+ UL1+ DR5+
ClockMastersBogota2024,22.2,1,B,3,UR4- DR0+ DL2+ UL0+ U4+ R5+ D5- L5- ALL1+ y2 U1- R4- D1+ L1- ALL1-,20,DL3+ R1- y2 ul3- dr5- D1- R4+ UL1+ /2-
ClockMastersBogota2024,22.2,1,B,4,UR1- DR0+ DL3- UL2- U1+ R2+ D3+ L1- ALL1- y2 U1- R2+ D2- L2+ ALL2+,19,UR1- UL3+ L3+ \3- y2 dl1- D2+ R2- L3- UL1+
ClockMastersBogota2024,22.2,1,B,5,UR0+ DR1- DL3- UL3- U4+ R2- D1+ L1+ ALL2- y2 U2+ R5+ D0+ L5+ ALL5+,26,DL3+ UL1+ U2- R3+ L1+ ul1- y2 R3- L5- UR2- ALL5+
ClocktoberClassicNY2025,22.2,2,A,1,UR1- DR4+ DL2- UL0+ U4- R3+ D1- L6+ ALL3+ y2 U3+ R0+ D4- L4+ ALL0+,29,UR2- DR1- UL4- U1- R3- /3+ y2 ul2+ dl5- D4+ L1- UL3-
ClocktoberClassicNY2025,22.2,2,A,2,UR5- DR0+ DL6+ UL1+ U4+ R3- D6+ L5+ ALL1+ y2 U1- R1+ D1+ L2+ ALL2-,18,R4- dr1+ y2 U1+ L2- DR1- /5+ ALL4-
ClocktoberClassicNY2025,22.2,2,A,3,UR5- DR2- DL5- UL4+ U4+ R6+ D6+ L6+ ALL6+ y2 U4+ R1+ D3+ L6+ ALL5-,19,DR1+ UL3- L2- ur3- \1- y2 dl1- ur1- UL4- DL2- DR1-
ClocktoberClassicNY2025,22.2,2,A,4,UR0+ DR0+ DL4- UL0+ U3+ R5+ D1- L5+ ALL5- y2 U1- R2- D0+ L2+ ALL4-,22,UR3- DL2+ R2- D3+ L3- y2 ul1+ R2+ U3+ UL2- /1+
ClocktoberClassicNY2025,22.2,2,A,5,UR4- DR1+ DL0+ UL6+ U5- R4+ D4- L3+ ALL2+ y2 U5+ R2- D1+ L3- ALL3-,23,UR1- DL3+ U4+ \3+ y2 dl1- R1- UL4+ DL1- UR3+ \2-
Cube4funLublinonWEII2024,22.2,f,A,1,UR5- DR4+ DL0+ UL4+ U3- R3+ D2+ L4- ALL4- y2 U6+ R4- D6+ L0+ ALL3-,32,DR6- U4+ R4+ ALL1+ y2 dr5- D4- UL2+ DL2- UR4+
Cube4funLublinonWEII2024,22.2,f,A,2,UR4- DR1- DL3- UL5- U0+ R2+ D0+ L3- ALL5- y2 U3- R2- D1- L1- ALL5-,21,UR1- DR4+ UL1- U1- dl3- \3- y2 dl1- D1+ UL1+ UR2+ \3-
Cube4funLublinonWEII2024,22.2,f,A,3,UR0+ DR2- DL2- UL1+ U5+ R5+ D6+ L3+ ALL3- y2 U1+ R3+ D1+ L1- ALL1-,18,UR2- DR1- DL1- UL1- U3- ul3- \2- y2 R2- U1- L1+ DR1-
Cube4funLublinonWEII2024,22.2,f,A,4,UR1- DR1+ DL1+ UL0+ U4+ R3+ D0+ L3- ALL1- y2 U1- R2- D1+ L0+ ALL0+,14,UR1- DR2- U2- L2+ /1- y2 dr2+ D2- DR1+ UR1+
Cube4funLublinonWEII2024,22.2,f,A,5,UR4+ DR2- DL4+ UL3- U2+ R2+ D0+ L2- ALL6+ y2 U6+ R0+ D5- L1+ ALL3-,26,UR3- DR1- DL1- L2+ ur3+ dl1+ y2 D5+ U6+ L1- \3+
CzechChampionship2025,22.2,f,B,1,UR1+ DR4- DL2+ UL1+ U6+ R1- D3+ L2- ALL4+ y2 U2- R0+ D4+ L1+ ALL3+,16,UR4+ DL1- ul1- y2 dl1- dr2- D1- UL2+ DL3- /1-
CzechChampionship2025,22.2,f,B,2,UR6+ DR1- DL2+ UL5+ U0+ R3+ D1- L6+ ALL6+ y2 U0+ R1+ D5+ L1- ALL2+,25,UR1+ DR1+ DL1- R2+ dl3+ \4+ y2 ul2+ dl5- D4- L1+ DR1-
CzechChampionship2025,22.2,f,B,3,UR4+ DR5+ DL3+ UL2- U5- R1+ D4- L2+ ALL3- y2 U2+ R5+ D2+ L4+ ALL1-,25,UR3+ DR1- DL3- y2 dr3+ ur4+ R5- UL2- DL2- \2+
CzechChampionship2025,22.2,f,B,4,UR4- DR4+ DL1+ UL3- U3+ R1+ D3- L2+ ALL1+ y2 U3+ R5- D1+ L3+ ALL1-,23,UR1+ DR2- U3+ ur1+ dr5- y2 D1- R5+ UL3- \2-
CzechChampionship2025,22.2,f,B,5,UR6+ DR0+ DL0+ UL1+ U1+ R5+ D0+ L1+ ALL6+ y2 U6+ R5- D1+ L5- ALL3+,22,U4+ R1+ L2- /1+ y2 R5+ UL6+ DL1- ALL2+
PBQOxford2024,22.2,2,B,1,UR3+ DR3- DL5+ UL3+ U4- R3- D0+ L4- ALL5- y2 U2+ R2+ D2+ L5+ ALL2+,23,DR3+ DL2- UL2- D3- y2 dl1- L3- UL2- DR2- /5-
PBQOxford2024,22.2,2,B,2,UR1+ DR4- DL1+ UL6+ U2- R2+ D4+ L2+ ALL2- y2 U3- R1- D4+ L1+ ALL6+,23,UR1+ DL1- UL6- L2- y2 dr1+ R1+ UL3+ DL4- ALL4+
PBQOxford2024,22.2,2,B,3,UR1+ DR1- DL1+ UL1- U1+ R1+ D2- L1- ALL1- y2 U3- R5- D1- L5- ALL1+,19,UR1- D2+ L1+ /1- ALL1+ y2 R4+ U3+ L5+ DR1+
PBQOxford2024,22.2,2,B,4,UR3+ DR3+ DL6+ UL6+ U3+ R1- D6+ L1- ALL4+ y2 U3+ R1+ D1+ L2- ALL5+,25,DR4- DL1+ R1- /1- y2 ul5+ dr1- D1- R4+ UL2+ UR5-
PBQOxford2024,22.2,2,B,5,UR2+ DR2+ DL1- UL4- U1- R1+ D0+ L3+ ALL1+ y2 U3- R1+ D2+ L1- ALL3-,21,UR1- DR1- UL4+ R3- L2- y2 ur1- D1- U2+ UL1+ DR1- ALL4+
QuadCitiesSaturday2025,22.2,1,B,1,UR2+ DR4- DL4- UL3+ U2- R1- D5- L4+ ALL1+ y2 U2- R1- D1- L5- ALL1+,20,DR3+ UL3- D2- ur4- y2 ur1+ D1+ R1+ L3+ UL2+
QuadCitiesSaturday2025,22.2,1,B,2,UR5- DR2- DL3- UL1- U4- R6+ D6+ L0+ ALL4- y2 U2- R3- D2- L2+ ALL0+,24,UR1+ DL2+ U3- D3- L2+ \4- y2 dl1+ D1+ U2+ DL2- DR3+
QuadCitiesSaturday2025,22.2,1,B,3,UR3+ DR3- DL5+ UL5- U4+ R2+ D5+ L5+ ALL2- y2 U6+ R0+ D2+ L0+ ALL4+,26,DR2- DL5- U2- /5- y2 dr3- D2- U6+ ALL1-
QuadCitiesSaturday2025,22.2,1,B,4,UR1- DR5+ DL2- UL1- U2- R1- D0+ L1+ ALL2- y2 U1+ R0+ D4+ L2+ ALL1-,19,DR3- UL2+ U2+ ul2+ y2 ul1+ dl1- D4- U1- L2- /1+
QuadCitiesSaturday2025,22.2,1,B,5,UR6+ DR5- DL1+ UL6+ U2+ R1- D5+ L2+ ALL0+ y2 U3+ R0+ D2- L4+ ALL5+,22,DL1- U2- L4+ /5- y2 dl1+ dr2+ D2+ U1+ UL4-
SainshandOpen2023,22.2,f,B,1,UR6+ DR2+ DL4+ UL1- U2- R2+ D2+ L4- ALL1- y2 U0+ R0+ D2+ L4+ ALL5+ UR UL,23,UR2- DR4+ U1- L1+ \4+ ALL2- y2 dl1+ ur2+ D2+ DL4-
SainshandOpen2023,22.2,f,B,2,UR6+ DR5- DL3- UL5- U3+ R0+ D4- L1+ ALL1- y2 U6+ R1- D3- L5- ALL3- DR,26,UR1- UL3- L2- /2+ y2 ul3+ dl1- ur5- D3+ UL5+ UR1+
SainshandOpen2023,22.2,f,B,3,UR3+ DR2- DL3- UL5+ U1- R2+ D5+ L3- ALL6+ y2 U5+ R4+ D2+ L1+ ALL1- UR DR,25,UL1+ U4+ R3- /2- y2 dr5+ D2- UL1- UR4- /3+
SainshandOpen2023,22.2,f,B,4,UR1- DR1+ DL3+ UL2- U5+ R0+ D5- L0+ ALL1+ y2 U1- R2+ D5- L4- ALL3+ DL UL,19,U2- D1+ L1- y2 ul3- dr2+ D2+ R2- UL1+ DL3+ \2+
SainshandOpen2023,22.2,f,B,5,UR0+ DR0+ DL1+ UL5- U3+ R0+ D1- L1+ ALL5+ y2 U0+ R6+ D4- L0+ ALL2+ UR,18,UL3+ U1- ur3- ALL3- y2 dl2+ R2+ DR4+
SantaFeCubingSpring2018,22.2,c,A,1,UR5+ DR1- DL3+ UL2- U1+ R0+ D1- L5- ALL2- y2 U3- R1- D0+ L0+ ALL1+ DR,21,UR4- DL1- L5+ ul2+ y2 ul2- dr1- U2+ UR1+ \3+
SantaFeCubingSpring2018,22.2,c,A,2,UR5- DR2+ DL1+ UL1+ U5+ R5+ D4- L1- ALL1- y2 U1+ R2- D1+ L0+ ALL4- DL,17,UR1- R1- D1+ L1- dr1- y2 dr5- D1- R2+ U1- /1- \2-
SantaFeCubingSpring2018,22.2,c,A,3,UR0+ DR3+ DL6+ UL2- U3+ R2- D3+ L2+ ALL5- y2 U1+ R5+ D0+ L1- ALL1+ UR,26,UR1- L6- \1- y2 dr4- ur3- R3- UL1+ UR2- /5+
SantaFeCubingSpring2018,22.2,c,A,4,UR4- DR1- DL5+ UL3+ U1+ R4- D6+ L0+ ALL4+ y2 U1- R2+ D4+ L6+ ALL6+,23,DR2- DL4+ R1- /1+ y2 R4- L1- UL1- DL4- UR2+ /3+
SantaFeCubingSpring2018,22.2,c,A,5,UR0+ DR2- DL1+ UL3+ U3- R4+ D1- L1- ALL1- y2 U1- R1- D0+ L6+ ALL6+ UR DR DL,24,DL1- UL2- U2+ R2- D3+ y2 ur2+ L6+ UR1+ ALL5+
TivatOpen2025,22.2,c,A,1,UR3- DR1+ DL0+ UL3+ U4- R1+ D0+ L1- ALL1- y2 U5+ R3+ D5- L5+ ALL4-,24,DR1+ DL2- U4+ \1+ y2 dl1- dr1- D4- UL5- DR3- \2-
TivatOpen2025,22.2,c,A,2,UR2- DR4+ DL4+ UL3- U2- R2+ D4+ L2- ALL3+ y2 U3+ R4+ D3- L3- ALL2+,23,UR4- U1- L1+ ur3+ dl5+ y2 ur1- R1- DL3+ UR3- /1-
TivatOpen2025,22.2,c,A,3,UR1+ DR1- DL3+ UL3+ U4- R4+ D3- L5- ALL0+ y2 U1+ R4+ D3- L2+ ALL1-,23,DL1- R4- D2+ dr4+ /1- \2+ y2 D3+ R4- L1- UL1-
TivatOpen2025,22.2,c,A,4,UR2- DR2- DL3- UL6+ U5- R1+ D2+ L5- ALL1- y2 U3+ R0+ D4+ L6+ ALL4+,22,DR3+ UL1+ L1+ ur3- /5- y2 ur2+ U1- UL2- DL4-
TivatOpen2025,22.2,c,A,5,UR2- DR1+ DL4- UL1+ U1+ R4- D3+ L3- ALL0+ y2 U0+ R2- D0+ L1+ ALL1+,19,R5+ L6- ur2- \2- y2 R2+ L1- \1-
XMadridOpen2023,22.2,e,A,1,UR4+ DR3- DL6+ UL3- U0+ R1- D0+ L4- ALL3+ y2 U1+ R0+ D0+ L6+ ALL2+ DR DL,21,U1- D3- L1+ /3- \4+ y2 ul2- U1- L6+
XMadridOpen2023,22.2,e,A,2,UR2+ DR1+ DL3+ UL2- U2- R5- D5+ L4- ALL0+ y2 U2+ R1- D6+ L4- ALL5+ DR,22,DR2+ DL1+ UL2+ ul2- \3+ ALL4- y2 U1- UL1- DL5+ DR1+
XMadridOpen2023,22.2,e,A,3,UR5+ DR1- DL1- UL1+ U3- R1+ D4- L4+ ALL2- y2 U5- R5+ D3- L2- ALL5+ UR DL UL,30,UR3- DR2- DL4- /3- y2 ul4- U1- UL2+ DR3+ UR4+ ALL4-
XMadridOpen2023,22.2,e,A,4,UR0+ DR2+ DL0+ UL5+ U6+ R0+ D2+ L4- ALL4- y2 U4+ R2+ D3+ L2- ALL5+ DR DL,23,DR2- DL2- UL1+ dr1- ALL3- y2 dl5+ D1- U4- L2+ DR2-
XMadridOpen2023,22.2,e,A,5,UR5- DR1+ DL6+ UL0+ U6+ R4+ D2+ L6+ ALL4- y2 U0+ R2- D0+ L2- ALL1+,15,U1- D3+ ur1- \5- y2 ur1- R2+ L2+
XMadridOpen2024,22.2,d,B,1,UR6+ DR4+ DL0+ UL4+ U6+ R5+ D1+ L5+ ALL4+ y2 U4+ R1+ D5+ L1+ ALL6+,28,DR3- DL2- UL4- L3- ul1+ y2 D5- R1- L3+ UL4- /2+
XMadridOpen2024,22.2,d,B,2,UR2+ DR4+ DL1+ UL2+ U5- R2- D2+ L1- ALL3+ y2 U2+ R2- D3- L1- ALL3-,27,DR4- UL2- U3+ D3- y2 D3+ R2+ U3- UL1+ /1- ALL5+
XMadridOpen2024,22.2,d,B,3,UR2+ DR1+ DL3- UL0+ U2- R2- D4- L3- ALL5- y2 U3- R4- D6+ L1- ALL4-,20,DL6- R1- \1- y2 dr3- D1+ U3+ DL1+ DR4+
XMadridOpen2024,22.2,d,B,4,UR1- DR1+ DL6+ UL1- U2+ R1+ D5- L3- ALL0+ y2 U2+ R5+ D2+ L3- ALL0+,20,DL2- R1- ur3+ y2 ul4- dl1- dr1+ L2+ DL1+ DR3- UR2-
XMadridOpen2024,22.2,d,B,5,UR2- DR1- DL2- UL1- U3+ R1+ D2+ L5+ ALL6+ y2 U1+ R3+ D1- L5- ALL3-,16,DR2+ DL1- L1- dl1+ y2 R2- L4+ DL1+ UR1- /3+
Bucaramanga2023,22.4,c,A,1,UR4+ DR2- DL3- UL3- U5- R1- D1+ L3- ALL1+ y2 U1- R1- D1- L5- ALL1+ DR DL UL,22,UR1- DL4+ UL5+ dr1+ dl2+ y2 dl1- ur2+ L4+ UL1+ DR1+
Bucaramanga2023,22.4,c,A,2,UR5+ DR1- DL3- UL4- U1- R3- D6+ L4- ALL5- y2 U5- R6+ D4- L2+ ALL5+ DR,24,DR1- DL1- y2 dl4+ dr3- U5+ DL2- DR6+ /2-
Bucaramanga2023,22.4,c,A,3,UR0+ DR3+ DL5+ UL3+ U1+ R2- D2+ L6+ ALL3- y2 U4- R3+ D4+ L3- ALL1- UR DR,22,DR1- UL2- U2- D3+ ALL1- y2 ur2- UL3+ DR4- UR1+ /3+
Bucaramanga2023,22.4,c,A,4,UR2+ DR1- DL1+ UL1+ U1- R4- D1+ L0+ ALL5- y2 U5- R0+ D0+ L5+ ALL5- UR DL,19,UR3+ DL1- UL1- U4- dl2- ul1- y2 U2- UL5-
Bucaramanga2023,22.4,c,A,5,UR5- DR4- DL1- UL3+ U1- R5- D4+ L6+ ALL2+ y2 U3+ R1- D5+ L3+ ALL0+ DR UL,25,UR2+ DL1+ U1+ L3+ ul6- y2 dl1- D5- R1+ UL3- \2-
CarolinaClockStravaganza2017,22.4,2,B,1,UR3+ DR2- DL2+ UL4- U5- R0+ D3+ L1- ALL1+ y2 U0+ R3+ D4+ L5- ALL2- DL,23,DR1- UL3+ U3+ D2- y2 dl1+ R2- L4- DL3- DR1- /3-
CarolinaClockStravaganza2017,22.4,2,B,2,UR3+ DR1+ DL3+ UL5- U5- R2- D3- L4+ ALL2- y2 U5- R3- D0+ L1+ ALL2- DR UL,19,UR1- DR1- UL2- U2- y2 ul3- dr2- R2- L1- UR5+
CarolinaClockStravaganza2017,22.4,2,B,3,UR0+ DR5- DL0+ UL5+ U5+ R1+ D1+ L5- ALL6+ y2 U4+ R6+ D1+ L4+ ALL5+ UR DR DL,20,DR4+ U2+ dr1- ALL1- y2 U2+ L3- DL1- UR6+
CarolinaClockStravaganza2017,22.4,2,B,4,UR3- DR1+ DL5- UL5+ U4- R2+ D0+ L4- ALL6+ y2 U3- R3- D3+ L1- ALL4-,22,DL4+ U2+ \3- ALL1- y2 ul2- dl2- D4- DL1+ UR3+
CarolinaClockStravaganza2017,22.4,2,B,5,UR1+ DR6+ DL5- UL2- U4+ R3+ D4- L4- ALL4+ y2 U4- R1+ D5+ L4+ ALL3- UL,28,UR1- DR3+ UL1- U1- ul2+ /5- y2 dl2+ L4- DR5- UR4+
CebuSummerOpen2024,22.4,1,B,1,UR4- DR1- DL0+ UL1- U6+ R5- D3+ L3+ ALL5+ y2 U4+ R2- D2- L1+ ALL0+,17,UR1- DL2- R1- \4- ALL2+ y2 U3- UL1- DR2+ \1+
CebuSummerOpen2024,22.4,1,B,2,UR6+ DR4+ DL6+ UL0+ U4- R6+ D4- L2- ALL5+ y2 U4- R2- D1- L1- ALL2+,21,DR4- DL2- UL2- \3+ y2 dl3+ L2- UL3+ DR1+ UR1+
CebuSummerOpen2024,22.4,1,B,3,UR4+ DR5- DL5- UL0+ U0+ R3+ D5- L6+ ALL1+ y2 U2+ R4+ D2- L1+ ALL4-,28,UR3- DR1+ UL1- D2+ dl3- \5+ y2 ur4+ R5- UL1- DR2+ UR1-
CebuSummerOpen2024,22.4,1,B,4,UR1- DR0+ DL1- UL3- U4+ R1+ D3+ L5- ALL1- y2 U5+ R1+ D3+ L6+ ALL2+,24,DL2- L1- dr3- \3- y2 dr4+ D3- R1- U1+ UL6+
CebuSummerOpen2024,22.4,1,B,5,UR6+ DR1- DL2+ UL1+ U2- R0+ D0+ L5- ALL3+ y2 U0+ R4+ D2- L1+ ALL1-,22,UR5- DL1- L3+ dr1+ \1+ ALL3- y2 D3+ R4- DL1-
FinnishChampionship2018,22.4,f,A,1,UR4- DR3+ DL1- UL2+ U2+ R2+ D4- L3- ALL1- y2 U6+ R0+ D2- L1+ ALL2- DR DL,15,DL2+ R1- ur1+ dr1+ /1+ y2 dr1+ U3- UL3- DL2+
FinnishChampionship2018,22.4,f,A,2,UR0+ DR4- DL1- UL4- U3- R1- D3+ L3- ALL2- y2 U4- R5- D2- L0+ ALL3- DR,27,DL1+ UL5- R5+ D1+ /1+ y2 dl2+ ur5+ D2+ R1+ UR4+
FinnishChampionship2018,22.4,f,A,3,UR2+ DR3+ DL6+ UL4+ U4+ R3+ D3+ L4- ALL5+ y2 U2- R0+ D0+ L3- ALL1- DR,22,UR4+ UL2- L4- y2 ul2- D1- UL2+ DL1+ /4- \2-
FinnishChampionship2018,22.4,f,A,4,UR4- DR1- DL3- UL4+ U5+ R5- D5- L1- ALL3+ y2 U2- R0+ D2+ L2+ ALL5- DR UL,22,DR1- U5- R1- D2- dr4+ y2 ul1- U2+ DL2- /4+
FinnishChampionship2018,22.4,f,A,5,UR5- DR2+ DL2- UL1- U2- R0+ D5+ L5+ ALL5+ y2 U2+ R4+ D0+ L2+ ALL5- UR DL,26,UR1+ DR2- U5- R4+ D3- L2- y2 dl1+ R4- UL2- /2+
FuenlabradaOpen2018,22.4,c,B,1,UR1- DR5+ DL3- UL4- U3+ R5- D1- L4+ ALL2+ y2 U2- R3- D2- L0+ ALL5+ UR UL,22,UR1+ UL1+ D1- L2+ /3- y2 ul3+ ur4+ D2+ R3+ U2+
FuenlabradaOpen2018,22.4,c,B,2,UR0+ DR1- DL2- UL0+ U5- R3+ D1- L1+ ALL1+ y2 U2- R3- D2- L0+ ALL5+ DR UL,22,DL4+ U5+ R2- L3- y2 U1+ DR2+ UR1+ \1+ ALL3-
FuenlabradaOpen2018,22.4,c,B,3,UR5+ DR3- DL0+ UL3- U2- R3- D3+ L4+ ALL3+ y2 U3- R1+ D1- L2- ALL6+ DL,15,UR1+ U1- L1- /3- y2 dr4- D1+ R1- U1+ UL2+
FuenlabradaOpen2018,22.4,c,B,4,UR1- DR5- DL3+ UL3+ U5+ R4- D5- L1+ ALL6+ y2 U2- R2+ D5+ L4+ ALL6+ UR DL,24,DR1- DL4- UL3- U4- R1- ul2- y2 dr1+ R1- U2+ DL4- DR1-
FuenlabradaOpen2018,22.4,c,B,5,UR6+ DR5- DL4+ UL1- U1+ R5+ D2- L5- ALL5+ y2 U2+ R4- D2+ L1+ ALL0+ UR UL,29,DR3+ UL2+ U4+ R3+ ur1- \5+ y2 dl1- R4+ U3- UL1+ DL2-
GACubersSummerBlast2018,22.4,f,B,1,UR3- DR5+ DL1- UL6+ U6+ R2- D5- L1+ ALL5- y2 U1- R1+ D5+ L4+ ALL2+,23,DL1+ UL3+ L2+ ALL4+ y2 dr3+ D1- R1- U1+ DL4- \3+
GACubersSummerBlast2018,22.4,f,B,2,UR2+ DR1- DL2- UL3+ U5- R5+ D4- L1- ALL5- y2 U2- R5- D4+ L3+ ALL2+ DR UL,26,DR5- R1- \2+ y2 ur3- R3- U2+ L3- DR4- \3-
GACubersSummerBlast2018,22.4,f,B,3,UR0+ DR2- DL2- UL1+ U2+ R5+ D2- L1+ ALL4- y2 U2- R2- D1+ L2+ ALL2- DL UL,18,UR3- D6- \2- y2 dl1+ dr1+ D1+ DL2- UR2+
GACubersSummerBlast2018,22.4,f,B,4,UR0+ DR3- DL2- UL0+ U0+ R6+ D5+ L0+ ALL3+ y2 U4- R1+ D1- L5- ALL5- DR DL UL,21,R3- L2+ ul4- \4- y2 ul2- R1- UL4+ DL1+
GACubersSummerBlast2018,22.4,f,B,5,UR1- DR3+ DL6+ UL1- U5- R1- D5+ L4+ ALL6+ y2 U1+ R4+ D4- L1+ ALL2+ UR,24,DL2- UL5+ U2+ R1- /4+ y2 ur1+ R4+ UL1- DR4+
LexMiniII2024,22.4,d,A,1,UR1+ DR3+ DL3+ UL5- U5+ R5+ D3+ L5+ ALL0+ y2 U3+ R0+ D4- L0+ ALL5+,22,UR1+ DR2+ DL1- UL2- D2+ \2+ y2 D4+ U3- \5-
LexMiniII2024,22.4,d,A,2,UR1- DR2+ DL0+ UL4+ U4- R1- D4- L6+ ALL3+ y2 U2+ R2+ D1+ L1+ ALL2+,15,DL2+ U1+ ur3+ /1+ y2 dl4- ur1- UL1- DR1- UR1-
LexMiniII2024,22.4,d,A,3,UR5- DR4- DL6+ UL0+ U2- R4+ D5- L1- ALL3+ y2 U5- R2- D1- L4- ALL3-,29,UR2+ DR3+ UL5+ L2+ ul2- \6- y2 dl3- UL3+ DL1+ UR2+
LexMiniII2024,22.4,d,A,4,UR1+ DR3+ DL1+ UL2+ U1+ R3- D5- L4- ALL5+ y2 U1- R1- D6+ L0+ ALL3-,22,UR1- DL1+ U3- ur2+ y2 dl1- ur3- D6+ UR1+ ALL4-
LexMiniII2024,22.4,d,A,5,UR2- DR5+ DL4- UL1- U5+ R2- D1- L2+ ALL6+ y2 U1+ R2+ D3+ L5+ ALL1-,24,UR1- UL1- L4+ ALL2+ y2 ul1+ ur2+ D2+ U1+ DL5- UR2- /3+
MarikinaCityReMINX2023,22.4,c,A,1,UR6+ DR6+ DL0+ UL5+ U5+ R5+ D3- L4- ALL3+ y2 U1+ R6+ D3- L1+ ALL2- UR DL,26,UR4- DR1- DL1- D1- dl3+ /5+ y2 ul1+ D3+ R6+ UL1-
MarikinaCityReMINX2023,22.4,c,A,2,UR0+ DR0+ DL4- UL3- U6+ R0+ D3+ L2- ALL4+ y2 U2+ R1+ D1+ L2+ ALL3+ UR DR DL UL,19,UL3- D1+ ur4- dl1+ \1+ y2 dl6+ UL2- DR1-
MarikinaCityReMINX2023,22.4,c,A,3,UR1+ DR5+ DL4- UL4+ U1+ R4- D1- L3- ALL2- y2 U5- R1- D1+ L2- ALL5- UR DR DL UL,21,DR1- DL1+ UL2+ U4+ R1- ur1- \1- y2 U1+ UL2+ DR1- UR2+ \4-
MarikinaCityReMINX2023,22.4,c,A,4,UR3- DR5+ DL6+ UL0+ U6+ R1- D1- L1+ ALL3- y2 U3- R2+ D3- L3- ALL0+ DR DL,21,DR1- DL3+ U3- L2+ ul1+ y2 R2- U3+ DL3+ /3+
MarikinaCityReMINX2023,22.4,c,A,5,UR3- DR3+ DL5- UL5+ U1- R2- D2- L3+ ALL4- y2 U6+ R0+ D1- L2- ALL4- UR DR DL UL,25,UR2+ UL3- D4+ /3+ y2 ul2+ dl1+ D1+ U4+ UL2+ /3+
MedanRevival2022,22.4,c,B,1,UR4+ DR0+ DL4+ UL4+ U2+ R4- D6+ L0+ ALL4+ y2 U3- R1+ D0+ L0+ ALL2+ DR DL,22,DL2+ UL2+ y2 ul4- dl6+ dr2- R1- U3+ /2-
MedanRevival2022,22.4,c,B,2,UR5+ DR1+ DL1+ UL2+ U5+ R1- D2- L2- ALL5- y2 U1+ R2+ D1+ L5- ALL3+ DR DL UL,22,R5- L1- dr2+ y2 ul1+ dr1- U1- L4+ DL1+ DR2- /4-
MedanRevival2022,22.4,c,B,3,UR2- DR1- DL3- UL1- U4- R4- D1- L1+ ALL4+ y2 U4+ R5+ D4+ L4- ALL1- UL,29,UR5- DL3+ D2+ ul1- y2 ul1+ U3- L4+ DR4- UR1- /5-
MedanRevival2022,22.4,c,B,4,UR2+ DR5+ DL3+ UL5+ U6+ R5+ D1- L1- ALL4+ y2 U2- R5+ D5+ L1- ALL1- DL,20,DL5+ U1- /4+ y2 ul1- L1- UL2+ DR5- \1-
MedanRevival2022,22.4,c,B,5,UR6+ DR4- DL3- UL5- U4- R2- D5- L5+ ALL0+ y2 U1- R5+ D6+ L1- ALL0+,19,UL3+ ul1- /2- y2 dr2- U1- UL2+ DL1- DR5- /2-
OttawaBlindfolded2024,22.4,c,B,1,UR2- DR1+ DL4- UL4+ U2- R5+ D6+ L1- ALL3- y2 U3- R2- D2+ L4+ ALL3+,22,UR1- DR3- UL1+ dr3+ \4- y2 L3- UL1+ DL2- UR2+ ALL2-
OttawaBlindfolded2024,22.4,c,B,2,UR2- DR2- DL3- UL2+ U2- R1+ D5+ L2- ALL6+ y2 U4+ R4+ D1+ L4+ ALL5-,23,UR2+ DL3+ R1+ D3- dr5- /1- y2 L3- DL1- UR4-
OttawaBlindfolded2024,22.4,c,B,3,UR2+ DR3+ DL2+ UL5+ U5+ R1+ D1+ L2- ALL4+ y2 U6+ R5+ D5+ L2+ ALL2+,27,DR6- L5- \2+ y2 dl1+ ur1+ D3- R1+ DL2- UR6+
OttawaBlindfolded2024,22.4,c,B,4,UR2- DR1+ DL1+ UL0+ U2+ R1- D3- L2- ALL3+ y2 U3+ R1- D4- L6+ ALL3-,20,DL1+ R2+ ALL2- y2 ur1- D3+ L3- UL3- DR1+ /1- ALL3+
OttawaBlindfolded2024,22.4,c,B,5,UR4- DR3+ DL0+ UL0+ U3+ R5+ D3- L0+ ALL4+ y2 U5+ R2+ D0+ L2+ ALL3-,20,UR1+ R5- ALL4- y2 dr1+ R1+ UL2- UR3- \3-
ParlaOpen2025,22.4,e,B,1,UR2+ DR5- DL2+ UL2+ U2- R2+ D6+ L2- ALL4+ y2 U0+ R5+ D3+ L2- ALL0+,23,DR1- DL2- U2- R2+ ul2+ /4+ y2 D3- R3- UL2+ UR2-
ParlaOpen2025,22.4,e,B,2,UR4+ DR2+ DL1- UL2- U6+ R3- D5+ L1- ALL4- y2 U0+ R5+ D6+ L4+ ALL5+,28,DR3- UL4+ D3- ur1+ dl4+ /3+ y2 dl1+ R3- DL4- DR2-
ParlaOpen2025,22.4,e,B,3,UR1- DR4+ DL0+ UL6+ U6+ R5- D4- L4+ ALL5- y2 U3- R3- D0+ L0+ ALL3+,12,UR1+ R1+ L2+ dr1- /4+ y2 UR3+
ParlaOpen2025,22.4,e,B,4,UR1+ DR5- DL5- UL5+ U5+ R6+ D1+ L2- ALL4- y2 U4- R2- D3- L4- ALL5-,22,UR1+ DR3- L2+ ur5- dr2+ /1+ y2 L1- UL2+ DL3+ UR2+
ParlaOpen2025,22.4,e,B,5,UR5+ DR4+ DL2- UL3- U3- R2+ D0+ L5- ALL2- y2 U4- R1+ D5- L5- ALL4-,27,DR1+ DL3- UL1+ ur5+ y2 dl2+ dr3- R1- U4+ DL5+ /2-
Uppsalaligan4Emoji2024,22.4,f,A,1,UR5+ DR3+ DL0+ UL0+ U5+ R3- D0+ L1+ ALL6+ y2 U3- R1+ D2+ L1- ALL0+,22,UR1- DR4- DL1+ U3+ L2- \2+ ALL4- y2 U1+ UL2+ DL1- DR1-
Uppsalaligan4Emoji2024,22.4,f,A,2,UR2- DR6+ DL0+ UL5- U2- R2- D3+ L5+ ALL5+ y2 U1+ R2- D1- L1+ ALL1+,20,U3- R2- D3+ /5+ ALL1+ y2 U1- UL2- DL1+ UR2+
Uppsalaligan4Emoji2024,22.4,f,A,3,UR1+ DR3+ DL1+ UL3+ U4+ R3- D5- L5+ ALL5- y2 U6+ R1+ D2+ L1+ ALL2+,22,U4+ R1- D1+ L3+ \1+ y2 D1- U5- DL1- UR1- \4-
Uppsalaligan4Emoji2024,22.4,f,A,4,UR1+ DR0+ DL1+ UL4+ U4- R2+ D1+ L1- ALL1- y2 U1- R1- D5- L3+ ALL5-,22,DR3- UL3- U2+ D1+ L1- \1+ y2 D4- DL3- UR1+ ALL3+
Uppsalaligan4Emoji2024,22.4,f,A,5,UR3- DR1+ DL4+ UL0+ U1- R6+ D4+ L5+ ALL3+ y2 U5- R0+ D1+ L5+ ALL2-,26,UL1+ U3+ R4- D3+ L2+ y2 D1- L2+ UL5+ /4- \1-
AtomicCubing2016,22.6,c,A,1,UR1+ DR4+ DL2+ UL1+ U0+ R5- D4- L3- ALL5- y2 U2- R4- D0+ L5- ALL3- DR,21,U2- D2- ALL1+ y2 dr1- D5+ DL5+ DR2+ UR2+ \1+
AtomicCubing2016,22.6,c,A,2,UR4- DR3+ DL4+ UL1- U6+ R1+ D5+ L3- ALL2- y2 U2+ R4+ D5+ L0+ ALL2+ DL UL,18,U1- ul4+ y2 dl1+ U2- L1+ DL1- DR4- /4+
AtomicCubing2016,22.6,c,A,3,UR4+ DR5- DL5+ UL3- U1+ R3+ D0+ L1- ALL1- y2 U5+ R3- D3+ L4+ ALL5- UR DL UL,23,UR1- UL1- R1- y2 ul1- ur2+ R5- UL1- DL3- UR4- /4-
AtomicCubing2016,22.6,c,A,4,UR5+ DR4- DL3- UL0+ U1+ R4+ D5+ L2- ALL3- y2 U4+ R0+ D2- L3- ALL4- DR UL,26,UR3- DR2- DL4+ U3- L1+ y2 ur4- U5- UL1+ DL2+ /1-
AtomicCubing2016,22.6,c,A,5,UR6+ DR2+ DL1+ UL1- U2- R1- D6+ L0+ ALL2- y2 U1+ R2- D6+ L3- ALL4- UR DR,25,UR3- DR1+ DL2+ R5- L2- ALL2- y2 dr3- DL3+ DR3+ UR1-
BringtheHeatAZ2023,22.6,d,B,1,UR0+ DR4- DL3- UL2- U3- R6+ D2+ L5+ ALL4+ y2 U1+ R2+ D5+ L6+ ALL2+ UR DR DL,25,U5+ R2- D5+ dr1- y2 ul2+ L2- DL4- DR1- UR1- ALL2+
BringtheHeatAZ2023,22.6,d,B,2,UR5- DR1- DL2+ UL0+ U6+ R4+ D3+ L0+ ALL2- y2 U1+ R2- D1- L4+ ALL1+ UL,18,UR2+ DL2- U3- D2- \2- y2 L2- UL1- DL1- DR2+ ALL1-
BringtheHeatAZ2023,22.6,d,B,3,UR1- DR3+ DL5- UL3+ U3+ R1- D3+ L1+ ALL2+ y2 U4- R2+ D1+ L6+ ALL6+ DR DL UL,25,DR1- U5- L1+ ur1+ \4- y2 dl3- dr1+ D1- UL4+ DL2+ DR2-
BringtheHeatAZ2023,22.6,d,B,4,UR1- DR4+ DL3- UL2+ U3+ R1- D0+ L1- ALL1- y2 U5+ R0+ D0+ L3+ ALL5- DR UL,21,UR2- DL2+ U2- D3- ur1- /4+ y2 dl2+ U2- UL3-
BringtheHeatAZ2023,22.6,d,B,5,UR1- DR1+ DL3+ UL0+ U0+ R3+ D0+ L3+ ALL3- y2 U5+ R1- D1- L4+ ALL1+ UR DR,24,DR1- DL3- U1+ R2- L3- \1- ALL3+ y2 U5- L4- DR1+
CFLFinalLodz2025,22.6,d,C,1,UR4+ DR5- DL4+ UL1+ U5- R6+ D0+ L3- ALL2- y2 U3- R3+ D4+ L3- ALL1+,28,DR4+ DL2- R3+ D1- ur5+ ALL3+ y2 dl1- U1- UL4+ DL1- DR3-
CFLFinalLodz2025,22.6,d,C,2,UR1- DR0+ DL1+ UL1+ U0+ R5- D6+ L3- ALL1- y2 U2+ R2- D3- L4+ ALL1-,22,R6- D5+ L1+ dl2+ y2 D2+ L1- UL3- DR1+ UR1+
CFLFinalLodz2025,22.6,d,C,3,UR4- DR2- DL6+ UL2+ U3+ R4+ D5+ L6+ ALL1+ y2 U2+ R6+ D5+ L1+ ALL4+,19,DR2+ DL1- UL1- D2+ ur1+ y2 dl2- UL1- DR5- UR1- /3+
CFLFinalLodz2025,22.6,d,C,4,UR2+ DR5+ DL3- UL4+ U4- R2+ D2- L3- ALL2- y2 U5- R4- D2- L4- ALL4-,22,DR2- DL2+ U2- R5+ ur1- ALL1- y2 R1+ UL2+ DL2+ UR3+ \1-
CFLFinalLodz2025,22.6,d,C,5,UR1- DR1+ DL2- UL0+ U2- R3+ D6+ L5- ALL5+ y2 U2- R2+ D3+ L3- ALL3-,22,DR1- DL4- U3+ R2- L1- y2 D1- U1- UL3+ DR2- /4+
CalgarySideEvents2020,22.6,d,C,1,UR4+ DR6+ DL1+ UL1+ U2+ R0+ D5+ L5+ ALL1- y2 U5- R4+ D4+ L3+ ALL3+ UR DL,28,UR2+ UL3+ L2+ ul2- /4- y2 ul1- dr3+ D4- UL3- UR4-
CalgarySideEvents2020,22.6,d,C,2,UR5- DR0+ DL4- UL1- U3+ R2+ D2- L2- ALL1- y2 U0+ R2- D3- L0+ ALL4- UR DR UL,19,UR2+ DL6- UL1+ R1+ y2 dr3+ D1+ DR2+ ALL3+
CalgarySideEvents2020,22.6,d,C,3,UR3- DR1- DL0+ UL5- U5- R5+ D2- L2+ ALL3- y2 U0+ R0+ D2- L5- ALL5+ DR UL,24,DR1- DL2+ UL1+ D2+ /4- y2 ul2- dr3+ L3+ DL2+ ALL4-
CalgarySideEvents2020,22.6,d,C,4,UR0+ DR3+ DL4+ UL1+ U3+ R2- D4+ L1+ ALL3+ y2 U1+ R4- D2+ L2- ALL2+ UR DL UL,24,DR1- UL4- D2+ L2- y2 dl3+ D4+ U1- DL2+ DR4+ ALL1+
CalgarySideEvents2020,22.6,d,C,5,UR1+ DR2- DL1+ UL4+ U6+ R1- D2+ L6+ ALL3+ y2 U5+ R3- D3- L1- ALL2+ UR DR UL,18,UR1+ R1+ D1- L1+ dr1+ \1+ y2 ur2+ D3+ U3+ UL1+ UR3+
ChesterOpen2019,22.6,f,A,1,UR0+ DR1+ DL6+ UL6+ U2- R2- D0+ L0+ ALL4+ y2 U2- R2+ D1- L1- ALL1+ DL,20,UR1+ DL5+ UL5- ALL2- y2 ul1+ D1+ R2- U1+ UL1+ \1-
ChesterOpen2019,22.6,f,A,2,UR1+ DR4+ DL5+ UL5+ U0+ R5+ D4+ L5- ALL5+ y2 U0+ R4+ D5- L1+ ALL4+ DR,24,UR1- DR1- UL5- R4+ ul3+ y2 R3+ L1- DR5+ ALL1+
ChesterOpen2019,22.6,f,A,3,UR1+ DR2- DL1- UL4+ U4- R5- D2- L4- ALL1- y2 U2- R2- D3+ L0+ ALL5- DR DL UL,22,UR2+ DR4+ DL1+ U3- ALL2- y2 dr3- D3- UR2+ \2-
ChesterOpen2019,22.6,f,A,4,UR3+ DR1- DL2- UL1+ U5- R5+ D2- L2+ ALL3- y2 U5- R3- D2- L3- ALL1- DR DL,24,DR5+ UL1+ L2- ur2- y2 ur4- D2+ R1+ UL3+ UR2+ ALL2-
ChesterOpen2019,22.6,f,A,5,UR3+ DR5+ DL2+ UL5+ U5+ R5- D5- L0+ ALL2+ y2 U1- R1- D2+ L0+ ALL3+ DR,23,UR1- DR2- L5+ dr4+ ul3+ ALL3+ y2 D2- UR1+ /2-
ChevryMiel2025,22.6,f,A,1,UR5- DR4- DL3- UL2+ U1+ R3- D1- L1+ ALL2+ y2 U2+ R0+ D3- L2- ALL5+,20,UR2+ DR4- R2+ ul1+ \3- y2 dl2- U2- L1- DL3+
ChevryMiel2025,22.6,f,A,2,UR1- DR2- DL1+ UL1- U1+ R2- D5+ L1- ALL3+ y2 U6+ R0+ D3- L4- ALL0+,24,DR5+ UL1+ D3+ y2 ul1- dr1+ U6+ L1+ DL3+ ALL3+
ChevryMiel2025,22.6,f,A,3,UR4- DR6+ DL1+ UL4- U4+ R3- D6+ L3- ALL3- y2 U5+ R1+ D0+ L0+ ALL3-,23,UR1+ DL1- UL3+ L4+ ul5+ y2 dr3+ ur1- U4- UR1-
ChevryMiel2025,22.6,f,A,4,UR5+ DR5+ DL2- UL2+ U3+ R6+ D0+ L0+ ALL5+ y2 U2- R6+ D5- L4- ALL0+,23,DR4- U2+ D1+ ur1+ y2 L3+ DL1+ DR4+ UR2+ /5-
ChevryMiel2025,22.6,f,A,5,UR1+ DR3- DL2- UL3- U3- R0+ D6+ L0+ ALL1+ y2 U1- R5+ D5+ L2- ALL3-,23,UR2+ UL3+ D1- L2+ ul3- y2 U1+ L2+ DR5- /3- ALL1+
CoosaCubingClash2025,22.6,1,A,1,UR2- DR3- DL3- UL2- U6+ R6+ D4- L2+ ALL4+ y2 U3- R1+ D3- L3- ALL6+,24,DR3- DL1+ UL2+ U4- R2+ \2- y2 ur3- R1- U3+ DL3+
CoosaCubingClash2025,22.6,1,A,2,UR3+ DR2+ DL1+ UL1- U1- R4- D0+ L1- ALL4+ y2 U2- R2+ D2+ L2- ALL2+,15,UR1+ DR2- DL1- UL1+ U3- L1+ y2 UL2+ DR2- /2-
CoosaCubingClash2025,22.6,1,A,3,UR1+ DR2- DL5+ UL5+ U0+ R3+ D3- L0+ ALL2+ y2 U5+ R2+ D1+ L3+ ALL2+,24,UR2- U4- L2+ ur3+ \2+ y2 dl3+ D1- UL3- UR2- \2+
CoosaCubingClash2025,22.6,1,A,4,UR4+ DR4- DL4- UL5- U3+ R5+ D4- L2- ALL1- y2 U1+ R3+ D0+ L4- ALL2+,24,UR1- UL1- R4- dr1+ \1+ y2 ul5+ L2+ UL2+ UR3- \4+
CoosaCubingClash2025,22.6,1,A,5,UR1+ DR5+ DL3+ UL5- U0+ R4+ D1+ L1+ ALL1+ y2 U3- R5- D5- L3- ALL1+,26,UR2+ DL2+ UL2+ D1+ L3- dr3- y2 ur5- UL3+ DR5+
CouffouleuxOpen2025,22.6,f,A,1,UR1+ DR1+ DL4- UL1- U3- R5- D3+ L6+ ALL3- y2 U4- R1+ D0+ L2+ ALL2-,22,UR3+ L1- dl4+ /1- y2 ul4+ ur2- R1- U4+ L2-
CouffouleuxOpen2025,22.6,f,A,2,UR6+ DR4+ DL2- UL2+ U1- R4+ D2- L4+ ALL5- y2 U1+ R5+ D2+ L4+ ALL2-,28,UR2- UL4- U1- dl4+ ul5+ y2 R2- L4- DR2- UR1- \1+ ALL2-
CouffouleuxOpen2025,22.6,f,A,3,UR3+ DR1+ DL3- UL2- U2- R3+ D3- L5+ ALL2+ y2 U0+ R2+ D4+ L2+ ALL4+,18,DR5+ U1+ ur1- dl3+ y2 ur2+ DL2- DR2- \2+
CouffouleuxOpen2025,22.6,f,A,4,UR1- DR6+ DL0+ UL2- U0+ R1+ D4+ L3+ ALL4- y2 U2+ R3+ D3- L1+ ALL5-,21,UR3+ DR3+ DL1- y2 dr2- ur3+ D4+ L1- DR1- UR2- ALL1+
CouffouleuxOpen2025,22.6,f,A,5,UR4+ DR2- DL2+ UL4+ U6+ R1- D4- L4+ ALL1+ y2 U0+ R5+ D3+ L5+ ALL3-,24,UR2- DR1+ D3+ L2+ dr2+ /2+ \2+ y2 R5- L2- DL3-
CubeFactoryBrzeziny2024,22.6,2,B,1,UR2+ DR4- DL0+ UL4+ U6+ R4- D5- L3+ ALL1+ y2 U6+ R2+ D0+ L4+ ALL0+,27,UR6- DL1- UL6- D2- y2 ul1+ ur4+ UL4- UR2- ALL1+
CubeFactoryBrzeziny2024,22.6,2,B,2,UR2+ DR2- DL1+ UL0+ U1- R3+ D4+ L1- ALL1+ y2 U1+ R3- D2+ L6+ ALL0+,19,DR3- U1- ur3- y2 dr2- UL1- DL5- DR3+ /1-
CubeFactoryBrzeziny2024,22.6,2,B,3,UR1- DR6+ DL2- UL5+ U2- R3- D4- L1- ALL2+ y2 U4- R1- D1+ L6+ ALL3+,23,UL2- R2- ul4+ y2 dl1- ur2- U2+ L6+ DR1- UR2+ /1+
CubeFactoryBrzeziny2024,22.6,2,B,4,UR4+ DR0+ DL2+ UL4- U0+ R2- D1- L3+ ALL1+ y2 U2- R2- D6+ L3+ ALL3+,23,DL1- R2- y2 ul3+ L3+ UL4+ DL2+ DR4+ UR2- \2+
CubeFactoryBrzeziny2024,22.6,2,B,5,UR3- DR5- DL5+ UL2- U1+ R4- D1- L2- ALL3+ y2 U1- R1+ D0+ L1- ALL0+,21,DR1+ U4+ R1- L1- \5+ y2 dr3- ur2+ R1- UL1+ \2+
CubinginHD2024,22.6,f,A,1,UR5+ DR5+ DL2+ UL3- U1- R4+ D5+ L3- ALL1+ y2 U1- R3- D4+ L3+ ALL1-,21,UR2- UL3+ U2- L1+ ul3- y2 R3+ UL1+ DL4- /2-
CubinginHD2024,22.6,f,A,2,UR3- DR1- DL0+ UL1- U5- R4+ D2+ L1+ ALL2+ y2 U2- R0+ D0+ L0+ ALL1+,14,U3- D1- dl4- /1- ALL2- y2 dr1- U2+
CubinginHD2024,22.6,f,A,3,UR4- DR5+ DL5- UL5+ U4- R6+ D5- L5- ALL2- y2 U3+ R4- D0+ L2+ ALL1-,29,UR3+ DL5+ R2+ /5+ ALL6- y2 dr1- R4+ U1- UL2-
CubinginHD2024,22.6,f,A,4,UR1- DR4+ DL5+ UL4+ U3- R3+ D1- L6+ ALL0+ y2 U6+ R2- D3+ L4+ ALL1+,25,UR1+ DR5+ DL1- UL2- U1+ ur2+ ALL1+ y2 ul2- U4+ L1- DL3- UR2+
CubinginHD2024,22.6,f,A,5,UR4+ DR0+ DL0+ UL2+ U1+ R4+ D1+ L0+ ALL1+ y2 U0+ R5- D3- L1- ALL2-,24,UR4+ DL1- U1+ L1- \4- y2 dl2- R2+ L1+ DR3+ ALL5-
DFWCubingWinter2024,22.6,f,A,1,UR1- DR6+ DL4- UL1+ U0+ R4+ D2- L4+ ALL0+ y2 U1+ R1+ D1- L5- ALL4+,22,UR1+ UL1- R2+ ALL2+ y2 ur1- R3+ U1- DL5+ DR4- ALL2-
DFWCubingWinter2024,22.6,f,A,2,UR2- DR4+ DL2+ UL1+ U6+ R4- D1- L1+ ALL4- y2 U1+ R0+ D1- L5- ALL3+,27,UR2+ DL5- UL1+ U4+ ur3- ALL2- y2 dl1+ U1- L4+ DL1+ \3-
DFWCubingWinter2024,22.6,f,A,3,UR5+ DR4+ DL1- UL3+ U3- R3- D0+ L2- ALL2+ y2 U0+ R2- D5- L1+ ALL3-,22,UR5- DR1- D2- /3+ y2 ul1+ D5+ R2+ L1- ALL2+
DFWCubingWinter2024,22.6,f,A,4,UR3+ DR3+ DL2+ UL3+ U4+ R5+ D5- L2- ALL2- y2 U4- R2+ D3+ L5+ ALL1-,26,UR1+ U1+ L3- ur2+ y2 dl3- D6+ R2- UL4+ DL3+ ALL1-
DFWCubingWinter2024,22.6,f,A,5,UR0+ DR4+ DL1- UL5- U2+ R3- D3- L1+ ALL2- y2 U0+ R1- D2- L1+ ALL3-,16,DR1- DL1+ UL3+ L1+ ul2+ /1+ y2 dl3+ D2+ R1+ L1-
GermanOpen2025,22.6,d,C,1,UR4+ DR5- DL5- UL3- U4- R0+ D5+ L2+ ALL1+ y2 U4+ R1+ D4+ L2- ALL2-,26,UR1+ DL4+ UL2+ D1+ ALL3- y2 dl1+ ur2+ U3+ UL5+ DL3- DR1-
GermanOpen2025,22.6,d,C,2,UR6+ DR2- DL3- UL4+ U3+ R0+ D3+ L2- ALL0+ y2 U2+ R1+ D4- L0+ ALL6+,26,UR2- UL1+ R2- D2+ dl4- \4- y2 dl3+ D3+ DR1+ UR2- \2+
GermanOpen2025,22.6,d,C,3,UR1- DR0+ DL0+ UL4+ U3- R1+ D0+ L2- ALL3+ y2 U1+ R2- D6+ L5+ ALL0+,16,L2- y2 D2- R2+ UL1- DL4- \4- ALL1-
GermanOpen2025,22.6,d,C,4,UR2- DR1+ DL1- UL4+ U3- R1+ D2- L4- ALL2- y2 U4+ R2- D3- L1+ ALL4-,20,UL1+ D2+ dr5+ y2 ul3+ U2- UL2- DL1+ DR2+ ALL2+
GermanOpen2025,22.6,d,C,5,UR5- DR5+ DL5+ UL2- U5+ R0+ D4+ L0+ ALL4- y2 U2- R6+ D4- L0+ ALL3-,25,DL2- UL2+ L3- dl4- \1- y2 dl2+ ur5- DR4+ UR2+
Gutekuben2024,22.6,f,A,1,UR2+ DR1+ DL2+ UL4- U2+ R0+ D2- L2- ALL1+ y2 U2+ R2- D6+ L1- ALL3+,18,UR2- DR1- UL2+ L2+ ul1+ /2- y2 D3+ U2- DL1+ DR2+
Gutekuben2024,22.6,f,A,2,UR3- DR2+ DL5+ UL5+ U5+ R4+ D6+ L2+ ALL4- y2 U4- R2+ D5- L1+ ALL5+,25,DR1- U5+ R2- y2 dr2+ ur1- UL1- DR5+ UR5+ ALL3+
Gutekuben2024,22.6,f,A,3,UR5+ DR2- DL6+ UL3- U1- R1- D1+ L5+ ALL2- y2 U3- R1+ D3+ L0+ ALL1-,22,UR1- DL4+ R1- D3+ \1- y2 dl3+ dr3- U1+ UL2+ DL2- DR1-
Gutekuben2024,22.6,f,A,4,UR0+ DR1+ DL3- UL0+ U3+ R5- D2- L5+ ALL3- y2 U1- R2+ D2- L2+ ALL5-,26,DR4+ UL2- U1- ul5+ ALL2- y2 ul3+ D2+ U3+ L2- UR2-
Gutekuben2024,22.6,f,A,5,UR4+ DR3+ DL1- UL2+ U3- R6+ D1+ L3- ALL0+ y2 U0+ R0+ D5+ L1+ ALL3-,22,DR1- U3- D2- L2+ dl4+ /3+ y2 ul1+ dl1+ D4- DL1-
HongKongChampionship2025,22.6,d,B,1,UR5- DR4- DL0+ UL6+ U5+ R5- D1+ L1- ALL6+ y2 U2+ R1+ D1- L3+ ALL6+,20,UR1- DR3+ UL5- y2 dl1- dr4+ D2+ R1- UL2- DL1-
HongKongChampionship2025,22.6,d,B,2,UR1+ DR2- DL4+ UL3- U2+ R1+ D1- L2- ALL2+ y2 U5+ R5+ D0+ L2+ ALL3+,19,D1- L1+ /2- y2 ul3- dl4- L2- UR5- /1-
HongKongChampionship2025,22.6,d,B,3,UR6+ DR6+ DL5+ UL3- U5- R6+ D3+ L1+ ALL4- y2 U3+ R0+ D4+ L3+ ALL3+,28,UR3+ DL2- UL1- R3+ ul1+ /5+ y2 ul3- dl3- D4- UL3-
HongKongChampionship2025,22.6,d,B,4,UR5- DR2+ DL5+ UL2- U3+ R4+ D5+ L5- ALL2+ y2 U2- R3+ D2- L4- ALL6+,20,UL2+ U2+ R1- y2 R3- UL2+ DL2+ /5- ALL3+
HongKongChampionship2025,22.6,d,B,5,UR0+ DR4+ DL4+ UL5- U1- R4- D3- L5- ALL4- y2 U4+ R5+ D2- L5+ ALL4-,26,DL5- UL1- U5- ul1+ y2 dl2+ L4+ DL3+ DR1- UR4-
KjellerMentalBreakdown2019,22.6,c,B,1,UR5+ DR0+ DL3+ UL5- U2- R3- D1+ L2+ ALL5+ y2 U0+ R1+ D2+ L3- ALL2- UR DR DL,22,DR2- DL2- UL2+ ur1+ dl4+ ALL3+ y2 D2- L2+ UL1+ UR1- \2+
KjellerMentalBreakdown2019,22.6,c,B,2,UR1+ DR4- DL5+ UL0+ U3+ R1+ D1- L2+ ALL3+ y2 U4- R4- D1+ L1+ ALL5+ UR,25,UL1+ U5- R2+ L4+ y2 ul4- DL1- UR4+ /1- \3+
KjellerMentalBreakdown2019,22.6,c,B,3,UR0+ DR2+ DL3+ UL1- U1+ R5- D1- L3- ALL1+ y2 U6+ R1+ D1- L1- ALL1+ UR DR,19,DL3- R3+ D1- L4+ y2 ur1- U5- DL1+ UR1-
KjellerMentalBreakdown2019,22.6,c,B,4,UR5- DR4+ DL2+ UL4+ U6+ R5- D6+ L6+ ALL3- y2 U4- R1- D1- L5+ ALL2-,24,UR5- R1- ur3+ y2 dl3- D3- UL3+ DL4+ UR1+ /1+
KjellerMentalBreakdown2019,22.6,c,B,5,UR5- DR0+ DL0+ UL2+ U3+ R5+ D3- L2- ALL1- y2 U5- R4+ D1+ L1+ ALL5- UR DL,23,D3+ ALL2- y2 dr5+ ur1+ R4- U5+ DL1- \2-
KristiansundOpen2025,22.6,f,A,1,UR1- DR0+ DL3- UL2+ U5- R3- D4+ L5+ ALL4- y2 U0+ R1- D4- L2+ ALL5+,23,UR4+ DL4- D3+ dr2+ y2 ul1- D3+ L2- DR1+ /3-
KristiansundOpen2025,22.6,f,A,2,UR2- DR1- DL5- UL2- U4+ R4+ D6+ L4+ ALL1- y2 U5- R2- D4+ L0+ ALL5+,25,DL3+ R1- D3- /4- \2- y2 ur3- D4- U3+ UR2+
KristiansundOpen2025,22.6,f,A,3,UR0+ DR2+ DL2- UL2+ U0+ R4+ D6+ L1+ ALL0+ y2 U4- R1+ D1+ L1- ALL2+,20,UR1- DR5- DL1- U1- ul3- \2- y2 dl2- U3+ UL1+ DR1-
KristiansundOpen2025,22.6,f,A,4,UR4+ DR5- DL0+ UL1- U1- R2+ D2- L3+ ALL3- y2 U4- R4- D1+ L0+ ALL3-,25,UR2- DR1+ D6- L2- y2 dl1+ dr1- ur3+ R4+ U3+ UL1+ DL1-
KristiansundOpen2025,22.6,f,A,5,UR3+ DR2- DL6+ UL1+ U4- R0+ D4- L4+ ALL1- y2 U1- R5+ D4- L2- ALL1+,20,UR1- UL1+ ur1- /2- y2 dl4- D3- U1- UL2+ DR5-
KyivSideEvents2023,22.6,d,A,1,UR5+ DR5+ DL4+ UL3+ U2+ R4+ D3- L4- ALL6+ y2 U2- R5+ D0+ L1+ ALL3- DR,27,UR1+ DR3- DL3- U1+ ur4+ ul2+ y2 dr2+ R4+ UL1- UR3+ /3+
KyivSideEvents2023,22.6,d,A,2,UR2- DR3+ DL1- UL1- U1+ R2- D5+ L2+ ALL0+ y2 U2+ R3+ D2- L1- ALL0+ DL,15,UR1+ U1+ D5+ y2 ul1+ ur1- R2- UL1- DL2+ UR1-
KyivSideEvents2023,22.6,d,A,3,UR2+ DR0+ DL2- UL0+ U2+ R2- D4+ L5+ ALL6+ y2 U5- R1+ D1+ L5+ ALL2+ DR UL,23,DL2- U4- L1- \1- ALL5+ y2 L2+ UL5+ DR1- /2+
KyivSideEvents2023,22.6,d,A,4,UR5- DR5+ DL5- UL1+ U3+ R3- D5- L0+ ALL1- y2 U2+ R3+ D2+ L5+ ALL2- DL UL,24,UR3+ DL4+ U2- D1+ ul4+ y2 ul1- R1- L3- UL2- DR2- \1-
KyivSideEvents2023,22.6,d,A,5,UR3- DR0+ DL2- UL1- U0+ R0+ D2+ L3- ALL3+ y2 U6+ R4+ D0+ L1+ ALL5- UR DR DL,24,UL3- U5- R3+ L3- y2 U1- UL1- UR4- /2+ ALL2-
LakeConstanceCubing2022,22.6,d,B,1,UR5- DR0+ DL2+ UL6+ U3- R5+ D3- L3+ ALL3+ y2 U1+ R5- D2- L0+ ALL3+ DL,21,DL1+ U2+ ur1+ y2 dl6+ dr5+ R3+ U1- DR2+
LakeConstanceCubing2022,22.6,d,B,2,UR4- DR2- DL3- UL0+ U1- R1+ D2- L5- ALL0+ y2 U0+ R0+ D1+ L2+ ALL1- UR DL,18,UR5+ DL4- D1- ur4+ y2 D1+ DL2- /1-
LakeConstanceCubing2022,22.6,d,B,3,UR4- DR6+ DL6+ UL2+ U2+ R1- D5- L5- ALL6+ y2 U3+ R4+ D1- L5+ ALL2- UR,28,DR1- DL3- D3- y2 ul1+ dl2- U3- L2+ DL5+ DR4- /4+
LakeConstanceCubing2022,22.6,d,B,4,UR5+ DR6+ DL1+ UL4- U4+ R5- D5+ L0+ ALL3+ y2 U6+ R3+ D3- L4- ALL1+ DR UL,26,UR5- R1- L3+ y2 ul1- D1- R3+ DL4+ UR6+ \2-
LakeConstanceCubing2022,22.6,d,B,5,UR4+ DR4- DL1+ UL3+ U4- R3+ D3+ L4+ ALL0+ y2 U6+ R6+ D2- L0+ ALL2+ UR UL,20,UR3- L4+ \1+ y2 ur1+ D2+ UR6+ \3+
MonterreyBogotaVIII2024,22.6,1,B,1,UR6+ DR4- DL5- UL3+ U6+ R5- D5+ L6+ ALL3- y2 U3- R5+ D6+ L6+ ALL4-,25,DR3+ UL3- D1+ L1- dl3+ y2 L4+ UL3+ DL1- DR5- ALL1+
MonterreyBogotaVIII2024,22.6,1,B,2,UR3- DR5- DL4+ UL1+ U6+ R1+ D3+ L5- ALL4- y2 U1- R0+ D3+ L2+ ALL0+,22,UR4- DR1- D1- ALL4- y2 dl1- ur3+ UL1+ DL3- /4-
MonterreyBogotaVIII2024,22.6,1,B,3,UR4- DR5- DL2- UL1- U4- R2- D3- L2+ ALL4+ y2 U4+ R0+ D0+ L2+ ALL2-,21,DR1- UL3- D1- L4+ ul2- /4- \2- y2 U2- UL2-
MonterreyBogotaVIII2024,22.6,1,B,4,UR3- DR2- DL2- UL2+ U2- R5+ D4+ L5- ALL5- y2 U6+ R1+ D2+ L4+ ALL2-,23,U3+ L5+ y2 ul1+ dl2- ur1+ U3- UL3- DL1- DR1- ALL3-
MonterreyBogotaVIII2024,22.6,1,B,5,UR5+ DR3- DL3+ UL4- U2+ R1- D1+ L1+ ALL4+ y2 U2- R6+ D5- L0+ ALL5-,22,UR1- U2- D1- ur1- /3- y2 dl3+ dr4- D1+ DR4+ UR2+
NacionalesColombia2023,22.6,d,A,1,UR1+ DR2+ DL1- UL5+ U4+ R6+ D1+ L0+ ALL4+ y2 U4- R2+ D1+ L5+ ALL3+ DL UL,21,UR3+ DL2- UL2- U1+ dr2+ y2 ul1+ L2+ UL4+ DL1+ DR2- \1-
NacionalesColombia2023,22.6,d,A,2,UR0+ DR1- DL3- UL4+ U1- R3+ D2- L1- ALL1+ y2 U1+ R1- D5- L6+ ALL1- DL,26,DR2- U3- D4- ur3- y2 D1- U2- DL6+ UR1+ \3- ALL1-
NacionalesColombia2023,22.6,d,A,3,UR4+ DR3- DL1- UL4- U1- R0+ D4- L5+ ALL4- y2 U5- R2- D2+ L6+ ALL2+ UL,21,DR1- U1+ D3- \1- y2 D2- R2+ L1+ UL5+ \4+ ALL1-
NacionalesColombia2023,22.6,d,A,4,UR2- DR4- DL5+ UL5- U4- R5- D4+ L1+ ALL5- y2 U3- R4+ D4+ L1- ALL2+ DL UL,23,UL1- R1- D5- dr2- y2 U2+ UL1+ DR4- /3+ \4+
NacionalesColombia2023,22.6,d,A,5,UR1+ DR6+ DL6+ UL5- U2- R6+ D1+ L3- ALL4- y2 U0+ R4- D0+ L4+ ALL4- UR,22,UR1- DL1- UL3+ U4+ ur1+ y2 dl2+ ur2+ DL4- DR4+
RiverHawkCubikon2024,22.6,f,A,1,UR2+ DR1+ DL3+ UL5+ U2+ R0+ D0+ L3- ALL3- y2 U6+ R4- D3- L4- ALL4-,24,DR1- DL3- U3+ R2- L2- ul3- /1+ y2 D1+ UL2+ DL2+ UR4+
RiverHawkCubikon2024,22.6,f,A,2,UR4+ DR2- DL5- UL5+ U1- R4+ D6+ L4+ ALL5- y2 U0+ R0+ D1+ L1+ ALL5+,21,UR4- DR1+ UL4- R3- y2 ul5+ dl1- DL1- ALL2+
RiverHawkCubikon2024,22.6,f,A,3,UR3+ DR1- DL2- UL0+ U2- R4- D6+ L4- ALL4- y2 U4- R1- D2- L5- ALL1-,23,DR2+ DL5- UL1- y2 ul4- dl1+ dr1+ UL4+ DL1+ DR1+ ALL3-
RiverHawkCubikon2024,22.6,f,A,4,UR1+ DR1- DL3- UL1+ U1- R3+ D1+ L3+ ALL2- y2 U3- R1+ D1- L5+ ALL4-,24,DR1+ UL1- R4- D2+ y2 D2+ L4+ UL3+ DR1- /2+ ALL4+
RiverHawkCubikon2024,22.6,f,A,5,UR1+ DR6+ DL6+ UL2- U1+ R5- D6+ L2+ ALL3+ y2 U1+ R2- D5- L4- ALL1+,21,DR2- DL4- L2- \2+ y2 dl2+ ur1+ R2+ UL1- DL5+
SESISantos2024,22.6,c,B,1,UR6+ DR5+ DL3+ UL3+ U1+ R1+ D5+ L3+ ALL1+ y2 U0+ R0+ D5- L1+ ALL3+,23,UL2+ D1- L1+ dl1+ /5+ y2 ul2+ D5+ L1- /5-
SESISantos2024,22.6,c,B,2,UR0+ DR4+ DL2- UL6+ U0+ R2+ D5- L2- ALL1- y2 U5+ R5- D5- L3+ ALL2+,28,DR2+ UL2- U4- R4+ D1+ /3- y2 D2- DL3- DR2- UR5-
SESISantos2024,22.6,c,B,3,UR2- DR1+ DL3- UL1- U2+ R2- D2+ L3+ ALL6+ y2 U0+ R3+ D2+ L3- ALL5+,17,UL1+ R3+ dl2+ y2 dr4+ L2+ DL1+ DR3- ALL1+
SESISantos2024,22.6,c,B,4,UR3- DR4- DL4- UL0+ U4+ R5+ D5- L3+ ALL2- y2 U5+ R2+ D3- L3+ ALL3-,22,DL1+ U1- R2+ ur3- ul4- ALL1- y2 D3+ R2- U2- UL3-
SESISantos2024,22.6,c,B,5,UR3+ DR1- DL2+ UL2- U0+ R5+ D2+ L4- ALL3- y2 U0+ R0+ D2+ L2- ALL5-,23,UR1- DR2- R4- D1- L4+ \2+ y2 dl2+ ur3+ D2- L2+
SSL4Mora2017,22.6,f,A,1,UR0+ DR4- DL2+ UL3+ U1- R5+ D5+ L4+ ALL5+ y2 U1+ R0+ D0+ L2+ ALL3+ DR DL UL,21,DR1- DL2- U2- L5+ ul5+ y2 dl1- U1- L2- \2-
SSL4Mora2017,22.6,f,A,2,UR6+ DR1- DL1- UL2- U4+ R3+ D3- L3+ ALL1- y2 U1- R2+ D6+ L2- ALL3+ UR UL,24,UR4+ D5+ dl1- /3- \1- y2 D4+ R3- DL2+ UR1+
SSL4Mora2017,22.6,f,A,3,UR4+ DR6+ DL5+ UL3- U1+ R4+ D2+ L3- ALL3+ y2 U5+ R1- D4+ L1- ALL5- UR DL UL,25,DR1- U2- R1- L1+ /4- y2 ul5- D1- U2+ UL4+ DL3- UR1+
SSL4Mora2017,22.6,f,A,4,UR5+ DR2+ DL6+ UL4+ U2- R4- D5- L3- ALL2+ y2 U3+ R2+ D2+ L1- ALL0+ UR,23,UR3- DL3- UL4- ur3+ \2+ y2 ur2- U3- L1+ DR2-
SSL4Mora2017,22.6,f,A,5,UR6+ DR6+ DL6+ UL3+ U0+ R1+ D1+ L0+ ALL2+ y2 U3+ R1+ D1+ L2+ ALL0+ UR DR DL,20,DR1- UL3+ \3- y2 ul2+ dl1- L1+ UL3- DR1- \5-
SalemCubikon2024,22.6,d,C,1,UR1+ DR1+ DL2- UL2- U1+ R3- D5- L1- ALL1+ y2 U4+ R0+ D5+ L0+ ALL1-,21,DR1+ DL5+ dl1+ /2+ y2 ul1+ D3+ DR4+ UR4-
SalemCubikon2024,22.6,d,C,2,UR4+ DR5- DL0+ UL0+ U3- R5+ D2- L1- ALL2+ y2 U4- R1- D6+ L5- ALL5+,23,UR1- DR5- R2+ L1+ ALL3+ y2 dl1+ D4+ UL3+ DL2+ UR1+
SalemCubikon2024,22.6,d,C,3,UR1+ DR5- DL0+ UL3+ U5+ R1+ D3- L5- ALL1+ y2 U4- R5- D2- L0+ ALL3+,22,DR3+ DL2+ U3+ D3+ dl1+ ALL2+ y2 ur2+ U1+ DR2+ UR3+
SalemCubikon2024,22.6,d,C,4,UR1+ DR5- DL3+ UL4+ U3- R5+ D1+ L0+ ALL1+ y2 U2- R2- D4+ L1- ALL1+,25,DR1+ UL2- R2- L5- dl1+ y2 ul3- L5+ DL4- UR2+
SalemCubikon2024,22.6,d,C,5,UR2+ DR0+ DL2- UL0+ U1- R0+ D3+ L4+ ALL1+ y2 U4+ R1+ D5- L3+ ALL2-,22,UR1- DR1- L2- ALL3- y2 ul1+ dr1- ur2- D3- U4- DL3- DR1-
SanMarcosOpen2023,22.6,d,B,1,UR1+ DR2+ DL3- UL4- U4+ R5+ D4+ L5+ ALL5+ y2 U0+ R4- D1+ L0+ ALL5- DR DL,21,UR3- DR2- UL2+ R3- D1- y2 dl2+ R5+ DR1- /2+
SanMarcosOpen2023,22.6,d,B,2,UR0+ DR1+ DL4+ UL5+ U5+ R0+ D3+ L5- ALL5- y2 U1+ R1+ D3- L2- ALL3- UR UL,20,DR1- DL4- U2+ D3- /2- y2 dl4+ D1+ DL2+ UR1-
SanMarcosOpen2023,22.6,d,B,3,UR1+ DR5+ DL4+ UL2+ U2- R1- D3- L4- ALL1+ y2 U2+ R2- D3- L5- ALL2- DR UL,23,DR5- DL1- UL1- dr1+ \3+ y2 D3+ R2+ L5- UL2-
SanMarcosOpen2023,22.6,d,B,4,UR0+ DR3- DL1- UL3+ U5- R5- D4- L1- ALL2+ y2 U2- R4+ D2- L5- ALL1+,24,DR4- U2+ L1- /3+ ALL2+ y2 ul1+ R4- U2+ L3+ DL2+
SanMarcosOpen2023,22.6,d,B,5,UR6+ DR5- DL1+ UL4+ U1- R2+ D6+ L6+ ALL0+ y2 U1- R3+ D0+ L3- ALL1+,25,DL2- UL3+ R3- ul4- /1- y2 ul1+ dl2+ dr3- R1- UL3+ UR2-
SanRafael50Aniversario2018,22.6,c,A,1,UR3- DR4+ DL5- UL5+ U0+ R1- D3+ L3+ ALL5- y2 U1+ R2- D0+ L5- ALL5+ DL,22,DL2- UL1- U1- ur1+ /2+ y2 ul4- ur2- L4- UL3- UR2+
SanRafael50Aniversario2018,22.6,c,A,2,UR5- DR0+ DL4- UL5- U4- R0+ D1- L3+ ALL1+ y2 U1+ R2+ D0+ L2- ALL1+ UR DR UL,23,DL4+ UL2+ R5+ D1+ dl3+ y2 dr2- R1+ UL2+ UR3-
SanRafael50Aniversario2018,22.6,c,A,3,UR4+ DR5+ DL1+ UL1+ U2- R5+ D6+ L4- ALL5- y2 U0+ R4+ D1+ L3- ALL5- UR DL UL,22,UR2- UL1- L3+ ur1+ y2 dr2- ur5- D1- R4- L3+
SanRafael50Aniversario2018,22.6,c,A,4,UR1+ DR2+ DL3+ UL5- U4- R4- D6+ L3- ALL4- y2 U2+ R3- D6+ L5- ALL5- DR DL,21,DR1+ UL5+ U3+ ALL1- y2 dr1- U2- L2+ DL3+ DR3+
SanRafael50Aniversario2018,22.6,c,A,5,UR4- DR5+ DL5+ UL1+ U4+ R2+ D3- L4- ALL4- y2 U2+ R5- D1- L2+ ALL1- UR DL,25,DR3- DL4- UL1- L3+ ALL3+ y2 dr2+ ur2- R4+ UL2- DR1+
SilenceinCebu2022,22.6,f,B,1,UR2+ DR4- DL1+ UL1+ U6+ R3+ D1- L3- ALL3+ y2 U3- R6+ D4+ L4+ ALL6+ DR DL UL,27,DL1+ U3+ R1- D3+ dr2- y2 R3+ DL4- UR3+ /2- ALL5-
SilenceinCebu2022,22.6,f,B,2,UR4- DR4- DL2+ UL1+ U2- R2+ D1- L3- ALL3- y2 U3+ R0+ D0+ L3+ ALL5- UR DR,17,UR3+ DR3+ U2+ dr2+ \2+ y2 dl1+ ur1+ UL3-
SilenceinCebu2022,22.6,f,B,3,UR5+ DR3- DL1- UL1+ U3- R3+ D4+ L3- ALL1+ y2 U2+ R1- D5- L2+ ALL1+ UR DR DL UL,23,UR5- DL1+ UL2+ D1- ul1- y2 dl3- D5- R1+ U2- DL2-
SilenceinCebu2022,22.6,f,B,4,UR6+ DR6+ DL6+ UL0+ U5+ R1+ D1- L5+ ALL3- y2 U2+ R1+ D5- L1+ ALL0+ UL,22,UR1+ DL1+ R2- ur1- y2 L5- UL2- DL6+ DR1- /3+
SilenceinCebu2022,22.6,f,B,5,UR2- DR4- DL1- UL0+ U2+ R4- D5- L2- ALL3+ y2 U5- R1+ D4+ L3- ALL0+ UR,24,DR2- L3+ y2 ul1+ D3+ U4- UL2- DL5+ UR1- \1- ALL2+
SoutheastChampionship2024,22.6,2,B,1,UR4- DR6+ DL2- UL0+ U5- R5- D2+ L6+ ALL5- y2 U5+ R4+ D1+ L3+ ALL4-,26,UR3- DR6- L4- dl3- \1- y2 R3- U2- UL3- DR1-
SoutheastChampionship2024,22.6,2,B,2,UR3- DR6+ DL4- UL3- U5+ R0+ D2+ L3- ALL0+ y2 U1+ R1+ D2- L2- ALL3+,19,UR1+ DR4- L2- dr2- \4- ALL1- y2 dr2- DL2+ UR1-
SoutheastChampionship2024,22.6,2,B,3,UR4- DR4+ DL3+ UL3- U6+ R3- D1+ L1- ALL0+ y2 U1- R1+ D4- L4+ ALL1-,26,DR3+ UL1+ D1+ ur3+ \1+ y2 dl2+ dr6+ D2- UL1+ DL5- DR1-
SoutheastChampionship2024,22.6,2,B,4,UR3+ DR3+ DL5- UL5+ U6+ R1+ D6+ L2+ ALL3- y2 U3- R2- D3- L0+ ALL3+,25,UL2- R5+ D4- ur1+ /3+ \3+ y2 R1- U3+ DR3+
SoutheastChampionship2024,22.6,2,B,5,UR3- DR6+ DL0+ UL1+ U3- R6+ D5- L1- ALL3- y2 U3- R0+ D1- L1- ALL6+,17,UR3+ UL2+ D1- L2- y2 ur2- U3+ DL1+ \3-
ViseSaturdayOpen2023,22.6,c,B,1,UR0+ DR3+ DL4+ UL0+ U4- R3- D4+ L2+ ALL0+ y2 U1+ R1- D2+ L2+ ALL5- DL,19,DL1+ UL4+ L1+ y2 ul3- D2- UL2- UR1+ /2- \3-
ViseSaturdayOpen2023,22.6,c,B,2,UR0+ DR2+ DL3+ UL1+ U5- R0+ D1+ L1- ALL1- y2 U5- R5+ D2- L5- ALL5+ UR,28,UR1+ DR3- DL3- U3+ /1- ALL3+ y2 R3+ L2+ UL1+ DL2+ UR4+ \2+
ViseSaturdayOpen2023,22.6,c,B,3,UR3- DR1+ DL4+ UL2- U4+ R2+ D2- L1+ ALL3- y2 U2- R0+ D6+ L3+ ALL2+ UR DR UL,27,DL3- U1+ y2 ul1- dl3- dr3+ U2+ L3+ DL6+ \5+
ViseSaturdayOpen2023,22.6,c,B,4,UR0+ DR3+ DL2+ UL6+ U5+ R0+ D3- L2+ ALL5- y2 U3- R5- D1- L1- ALL6+ DR DL UL,16,DR2- UL1+ R1- L1+ dr3+ y2 D1- L1+ DR2+ UR3+ \1-
ViseSaturdayOpen2023,22.6,c,B,5,UR0+ DR2+ DL4- UL2+ U6+ R1- D1- L4- ALL4- y2 U1- R5- D2- L4- ALL5- UR DL UL,23,DL3+ UL3+ U1+ R1- ur1- ALL1- y2 U4- L2+ DL2+ UR5+
AmericanaOpen2018,22.8,c,A,1,UR1- DR3+ DL6+ UL0+ U1- R1- D2+ L2+ ALL3+ y2 U2- R2- D4+ L4+ ALL0+ UR UL,25,DR1- DL2+ UL2+ dl1- ALL3- y2 ul4+ ur6+ DL4- UR2+
AmericanaOpen2018,22.8,c,A,2,UR4- DR3+ DL3+ UL4+ U5- R6+ D3+ L1+ ALL4+ y2 U1+ R1+ D5+ L5- ALL5+ UR DL UL,28,UR4+ DR3+ UL4+ U3- ur3+ dr2- y2 L2- DL5- UR1- \1+
AmericanaOpen2018,22.8,c,A,3,UR5+ DR4+ DL3+ UL1- U2- R4- D6+ L5- ALL3+ y2 U1+ R5+ D2- L1+ ALL2+ DL UL,22,UR4- DR1- UL1+ U1+ L2+ ul3+ \1+ y2 R5+ U1- L1- DR2+
AmericanaOpen2018,22.8,c,A,4,UR0+ DR2+ DL3- UL3- U6+ R2+ D2+ L3+ ALL5- y2 U3+ R3+ D1+ L5+ ALL4-,18,UR1- DR3- DL2+ U2- L1+ \1- y2 L4- DL1- UR3-
AmericanaOpen2018,22.8,c,A,5,UR5- DR1- DL6+ UL3+ U4- R0+ D4- L0+ ALL4- y2 U3- R3- D0+ L0+ ALL6+ UR,21,UR6- DL1- L4+ y2 ul3- dr1+ ur1+ UR3+ /2-
AutotaloAnimeAdventureIII2024,22.8,f,A,1,UR5+ DR6+ DL1- UL4+ U1- R3- D5+ L2+ ALL3- y2 U3- R3+ D5- L4+ ALL6+,29,UR3- DR2+ UL5- R5+ ALL1- y2 dl1+ U3+ DL4- DR3- /2-
AutotaloAnimeAdventureIII2024,22.8,f,A,2,UR4+ DR1- DL2+ UL2- U1+ R5- D4+ L0+ ALL2+ y2 U1- R0+ D4+ L4+ ALL2-,24,UR3- DR5- R2- /2- ALL5- y2 ul1- U1+ DL4- /1-
AutotaloAnimeAdventureIII2024,22.8,f,A,3,UR3- DR1- DL3+ UL4+ U1+ R6+ D0+ L0+ ALL4- y2 U0+ R3+ D4+ L5+ ALL6+,24,DL2- UL2- R2- L3- ul1+ /2+ y2 ul1- dr3+ R3- L1- DL4-
AutotaloAnimeAdventureIII2024,22.8,f,A,4,UR1- DR0+ DL0+ UL3+ U3- R5- D5- L3- ALL2- y2 U3- R1+ D1- L0+ ALL3+,20,UR1+ DR5+ ALL2- y2 dl2+ D1+ R1- U3+ \5-
AutotaloAnimeAdventureIII2024,22.8,f,A,5,UR1+ DR3+ DL2+ UL4+ U4- R4+ D6+ L6+ ALL1- y2 U0+ R3- D3- L4- ALL4-,17,DR1+ U1- R3+ y2 dl1- dr1- R1+ L3+ DL1+ DR2+ \3-
BangkokCubeFestival2025,22.8,1,C,1,UR1- DR4+ DL0+ UL2- U1- R5+ D5- L4+ ALL5+ y2 U4- R5- D0+ L0+ ALL0+,20,UR3+ DR1+ U1+ L2- y2 dr2- U1- UR5+ \5-
BangkokCubeFestival2025,22.8,1,C,2,UR3+ DR3+ DL3+ UL3+ U5- R5- D4+ L2+ ALL0+ y2 U6+ R0+ D0+ L0+ ALL3-,21,UR1- DL1+ D1+ L3+ y2 ul4- dr2- U6+ \3-
BangkokCubeFestival2025,22.8,1,C,3,UR3+ DR6+ DL3- UL6+ U4- R3+ D4- L2- ALL2- y2 U4+ R3- D2+ L6+ ALL3-,27,DL1+ UL2- U3- /1+ y2 dl2+ ur5- L3+ UL3+ DR2- UR5+
BangkokCubeFestival2025,22.8,1,C,4,UR1- DR5+ DL3+ UL3+ U6+ R1+ D5- L1+ ALL2- y2 U4- R1+ D2- L1+ ALL5+,28,DR3- UL4+ R2- L1+ ur1+ y2 R4+ UL1- DR2+ UR5+ \2- ALL3+
BangkokCubeFestival2025,22.8,1,C,5,UR1+ DR3- DL2- UL5- U2+ R1- D2+ L5+ ALL0+ y2 U0+ R3+ D1+ L4+ ALL1+,18,DR3+ UL2+ dr3- \1- y2 dr2- R2- L4- DR1-
BunburysSpeedsolving2024,22.8,f,A,1,UR2- DR3- DL1- UL4+ U2- R3- D1- L3- ALL3+ y2 U1+ R1- D0+ L3+ ALL5+,20,DR5+ R3+ y2 ul1+ dl3- ur2- L1- UL2- UR1+ ALL2-
BunburysSpeedsolving2024,22.8,f,A,2,UR5- DR2- DL3- UL4- U5- R4+ D4+ L4+ ALL4- y2 U1+ R2+ D1- L5- ALL4+,24,UR2+ DR1+ L3+ /4- \3- y2 ul2- U1- L2+ DL3+ DR2- ALL1-
BunburysSpeedsolving2024,22.8,f,A,3,UR2- DR1- DL5- UL3+ U1- R4+ D4- L2- ALL3+ y2 U0+ R3- D4+ L5+ ALL2-,25,DR1- DL4+ D5- \1- ALL4- y2 R2+ UL1- DL4- UR1+ \2-
BunburysSpeedsolving2024,22.8,f,A,4,UR2- DR0+ DL6+ UL4+ U1- R3+ D3+ L4+ ALL0+ y2 U1+ R1+ D3+ L4+ ALL1-,19,DL3+ UL1- R1- L4- ur1- \1- y2 dl1- L1- UL1- DL2- DR1- \2-
BunburysSpeedsolving2024,22.8,f,A,5,UR1+ DR6+ DL6+ UL0+ U5- R5- D4+ L4- ALL5+ y2 U3+ R1- D6+ L1+ ALL5+,26,DR2- DL2- U4+ dl4+ y2 ur2- R3- UL3- DL2+ DR4+
CalgarySideEvents2020,22.8,d,D,1,UR3+ DR4+ DL4- UL0+ U2- R2+ D6+ L3- ALL5+ y2 U1+ R0+ D2- L6+ ALL3+ DL,23,UR1- DR1- DL5- R5+ ul1+ \2+ y2 ul1- U1- L4+ DL2+
CalgarySideEvents2020,22.8,d,D,2,UR5- DR0+ DL5- UL2- U5+ R1+ D3+ L1+ ALL3+ y2 U3- R2- D4- L5- ALL3+ DR DL UL,26,DR2+ UL2+ R2+ L4+ ur1+ y2 ul4- dr4- UL3+ DL2+ DR2+
CalgarySideEvents2020,22.8,d,D,3,UR2- DR5- DL2+ UL2- U5- R6+ D0+ L1+ ALL2+ y2 U5- R2+ D2+ L5- ALL4+ DR,21,UR3- DR4+ DL1- ul1+ ALL2+ y2 ul1- UL5- DL2- UR2-
CalgarySideEvents2020,22.8,d,D,4,UR5- DR4- DL5+ UL4+ U3- R6+ D4- L3+ ALL3- y2 U4+ R5- D1+ L1+ ALL6+ UR DR UL,26,DR3+ U4+ ur2+ dl4+ y2 dl1+ U3+ DL1- UR5+ /3-
CalgarySideEvents2020,22.8,d,D,5,UR6+ DR3+ DL5+ UL0+ U1+ R2+ D3+ L3+ ALL0+ y2 U0+ R1- D2- L0+ ALL2+ UL,18,UR1+ DL1+ UL3+ U1+ \5- y2 ul1+ D2+ R1+ \3-
CalicutCubingConquest2025,22.8,c,A,1,UR1- DR5+ DL5+ UL4- U5- R4- D1+ L5+ ALL1+ y2 U3+ R6+ D2+ L1+ ALL1+,26,DL1+ U2- L5+ ul5+ y2 ul4+ U2+ UL1- DR2- UR4-
CalicutCubingConquest2025,22.8,c,A,2,UR4- DR3- DL1- UL1- U5+ R4+ D2+ L3+ ALL4+ y2 U4+ R1- D1- L6+ ALL3+,18,DR3+ DL1- \1+ y2 ul4+ dl1+ dr1+ L2- UL4- DR1+
CalicutCubingConquest2025,22.8,c,A,3,UR3+ DR2+ DL1- UL4- U4+ R5- D2- L6+ ALL0+ y2 U5+ R3- D2- L4- ALL1+,20,UL1- U2- D1+ \1- y2 dl4- L2- UL4+ DL2+ UR3+
CalicutCubingConquest2025,22.8,c,A,4,UR4+ DR3- DL2- UL5+ U4+ R1- D6+ L0+ ALL3- y2 U1- R4- D2- L5+ ALL2+,24,DL2- UL1- D1+ ul3- \5- y2 ul1- D2+ L2- UL3- UR4+
CalicutCubingConquest2025,22.8,c,A,5,UR1+ DR2- DL6+ UL1+ U1- R5+ D4- L1- ALL2+ y2 U5+ R1+ D4- L4- ALL1+,26,UR1- DR3- DL3+ L3+ ul2+ /1+ y2 ul3+ R1- U5- DL4+
CaloocanCubeCraze2024,22.8,f,A,1,UR3+ DR6+ DL0+ UL0+ U5- R5+ D5- L3+ ALL2- y2 U5+ R3+ D4- L4- ALL6+,25,UR1- DR1- U3+ L3- ALL3- y2 dl2- dr2- U2- DL4+ UR3- \1-
CaloocanCubeCraze2024,22.8,f,A,2,UR1+ DR0+ DL2- UL2- U3- R1+ D2+ L4+ ALL2- y2 U1+ R4- D1+ L1- ALL0+,18,U4+ R2- ur1- y2 R5- UL1+ DR1- UR2- ALL2-
CaloocanCubeCraze2024,22.8,f,A,3,UR0+ DR1+ DL3- UL1+ U6+ R2+ D0+ L3+ ALL0+ y2 U1+ R2- D5+ L3- ALL5+,22,UR5- DR2+ UL1- U1- \5- y2 D2+ U1- DL3+ DR2+
CaloocanCubeCraze2024,22.8,f,A,4,UR2- DR3+ DL1+ UL1+ U3+ R4+ D1+ L1+ ALL6+ y2 U4+ R3- D4- L1+ ALL2-,22,DR5- UL3- U1+ dl1+ y2 D1+ U3- UL1- DR3+ /2+ \2+
CaloocanCubeCraze2024,22.8,f,A,5,UR2- DR4- DL5+ UL5- U6+ R6+ D5+ L1- ALL1- y2 U5- R4- D4- L0+ ALL1-,27,UL1+ D6- ul4- y2 ul1- dl4+ dr2+ U5+ DR4+
CastleManiaNiepolomice2024,22.8,d,B,1,UR3- DR6+ DL0+ UL4+ U0+ R1+ D6+ L5+ ALL1+ y2 U1- R3- D5- L1+ ALL5-,25,UR1- DR3- DL3+ dl4- ALL3- y2 dl1- D2+ U1+ L1- DR3+ \3-
CastleManiaNiepolomice2024,22.8,d,B,2,UR0+ DR0+ DL0+ UL3+ U4- R2- D2- L2- ALL3- y2 U5- R3- D0+ L4- ALL5+,17,UR2+ UL1- D2+ dr1- ALL4- y2 L2+ UL2+ UR3+
CastleManiaNiepolomice2024,22.8,d,B,3,UR3- DR2+ DL2- UL1+ U2- R0+ D4+ L5+ ALL2+ y2 U1- R4+ D5+ L4+ ALL4-,25,UR3+ DR2- DL2- U1+ L2- ALL5- y2 U1+ L3- DL1- DR4- \1-
CastleManiaNiepolomice2024,22.8,d,B,4,UR0+ DR1- DL1+ UL0+ U2+ R5- D6+ L1+ ALL1+ y2 U2+ R1+ D2+ L3+ ALL5+,20,UR2- DR4- DL2- dr3+ y2 dl1- UL2- DL1- DR1- \4+
CastleManiaNiepolomice2024,22.8,d,B,5,UR2- DR4- DL1- UL5+ U0+ R2+ D5- L2- ALL6+ y2 U2+ R5+ D3+ L6+ ALL4+,27,DL1+ UL3- R4+ D3- /2+ y2 ur2+ D1+ R5- UL2- DL4-
ClockNStuff2015,22.8,1,B,1,UR4- DR1+ DL3- UL5- U4- R0+ D2- L6+ ALL1- y2 U6+ R3+ D3- L2+ ALL1- UR UL,23,UR1+ DR2+ DL2+ ur1- dr4- y2 dr2- R2- UL5- DL3+ UR1-
ClockNStuff2015,22.8,1,B,2,UR1+ DR2+ DL4- UL1- U5+ R1- D4- L3+ ALL5- y2 U2+ R1+ D4+ L4+ ALL3- DR DL UL,26,UR3- DR1+ DL2+ U2- D3+ ul3+ y2 D4- U1- L4- UR1- /2+
ClockNStuff2015,22.8,1,B,3,UR3- DR4- DL5- UL4+ U4- R3- D1- L2- ALL3+ y2 U4+ R1- D5+ L1+ ALL2-,26,DR2- UL3+ ur3- /5- \2- y2 dr1+ D4- R1+ U4- DL1-
ClockNStuff2015,22.8,1,B,4,UR0+ DR3+ DL0+ UL2- U2+ R3- D3+ L0+ ALL4+ y2 U5+ R1- D2+ L2+ ALL2+ DL UL,21,DL2+ D4+ dr1- y2 dl1+ ur3- D2- R1+ U3- UL2- /2-
ClockNStuff2015,22.8,1,B,5,UR4+ DR1- DL3- UL3- U3+ R5+ D5+ L5+ ALL2+ y2 U2+ R2+ D1- L2+ ALL6+ DR UL,18,UR4+ UL1+ U3+ D1- y2 D1+ R1- L1- UL1- UR1- /3+ \1+
Cube4funinBialaPodlaska2023,22.8,d,B,1,UR2+ DR2+ DL3- UL2- U5+ R4- D1+ L5- ALL6+ y2 U0+ R0+ D4- L2- ALL2+ UR UL,22,U5- L2- ur3- ALL4- y2 dl2+ dr2- D2+ DL2+
Cube4funinBialaPodlaska2023,22.8,d,B,2,UR2+ DR2- DL2- UL6+ U3+ R1- D1- L5+ ALL3- y2 U4+ R1- D1+ L1- ALL6+ UR DR UL,22,DR2+ DL2+ UL1+ R1- D1+ y2 R5- UL1+ DR1- UR5- /1- ALL2+
Cube4funinBialaPodlaska2023,22.8,d,B,3,UR4- DR1- DL2- UL1- U2+ R6+ D5+ L3+ ALL1+ y2 U2- R1+ D2+ L0+ ALL1- UR DL UL,19,DR1- U3+ D1- dl4- /2- ALL4- y2 U1+ DR2- UR1+
Cube4funinBialaPodlaska2023,22.8,d,B,4,UR2- DR1+ DL2+ UL0+ U5- R0+ D0+ L2+ ALL5- y2 U5+ R0+ D2- L5+ ALL5+ DR UL,24,UR3- DR1- DL2- UL2- R5+ ALL2- y2 dl2+ D2+ UL5-
Cube4funinBialaPodlaska2023,22.8,d,B,5,UR6+ DR2+ DL4- UL3+ U3- R3- D2+ L4- ALL2+ y2 U4- R5+ D0+ L1+ ALL4+ DL UL,27,UR1+ UL5+ R6- dr1+ /2+ \4- y2 R2+ UL1- UR5+
DCHyderabadWinterOpen2025,22.8,c,A,1,UR5+ DR1+ DL3- UL2- U3- R5- D1- L4- ALL2+ y2 U6+ R6+ D3+ L3+ ALL0+,22,R1- D3+ L3- ALL1- y2 dr4+ UL3- DR3- UR3- \1-
DCHyderabadWinterOpen2025,22.8,c,A,2,UR3+ DR3+ DL4- UL2- U2- R2- D3+ L1+ ALL3- y2 U4+ R5+ D2+ L1- ALL4+,27,UR1- DR3- DL1+ UL2+ L2+ \2+ y2 D3+ U4- L1+ DR5- ALL3+
DCHyderabadWinterOpen2025,22.8,c,A,3,UR4- DR3+ DL1- UL3+ U2- R5+ D1+ L4- ALL1- y2 U1- R5+ D4+ L4+ ALL1-,23,DR4- DL1+ UL1+ U2+ y2 dr1+ D3- R3+ UL3- DL1- UR4+
DCHyderabadWinterOpen2025,22.8,c,A,4,UR3+ DR0+ DL1- UL2+ U6+ R2+ D5- L6+ ALL2- y2 U6+ R2- D0+ L3- ALL4-,24,UR1+ DL5+ R6- D1+ y2 ul2- dr1+ U1+ UL3+ UR2+ /2-
DCHyderabadWinterOpen2025,22.8,c,A,5,UR5- DR5- DL2+ UL2- U0+ R3+ D6+ L1+ ALL1- y2 U1- R0+ D3+ L1- ALL0+,18,UR5- DL1- D2- ul3- y2 D3- UL1+ /1- \2+
DeutscheCubeDaysHelsinki2024,22.8,f,A,1,UR1+ DR1- DL5+ UL4- U5- R3- D4+ L3+ ALL2- y2 U1+ R0+ D3- L3- ALL5-,24,DR4+ UL4- R1- \3+ y2 ul2- dl4- dr2+ U1- DL3+
DeutscheCubeDaysHelsinki2024,22.8,f,A,2,UR4+ DR3- DL4+ UL1+ U0+ R0+ D1+ L1+ ALL1+ y2 U1- R3- D0+ L2- ALL3+,18,UR2- DR1+ DL3- UL3- /2- y2 ul1- R3+ U1- UL2+
DeutscheCubeDaysHelsinki2024,22.8,f,A,3,UR1- DR4+ DL3- UL1+ U1+ R6+ D6+ L4- ALL5- y2 U3- R2+ D2+ L2+ ALL2-,24,DR3+ DL2+ UL1- L5+ ul3- \1- ALL2+ y2 R2- U3+ DL2-
DeutscheCubeDaysHelsinki2024,22.8,f,A,4,UR4+ DR0+ DL1- UL5+ U1+ R1- D2- L3+ ALL4+ y2 U6+ R0+ D2- L5- ALL3+,25,DL3+ UL2+ R3- dr3- y2 dr1+ U3+ UL5+ DR2+ UR2- ALL1+
DeutscheCubeDaysHelsinki2024,22.8,f,A,5,UR2+ DR2+ DL2+ UL2+ U1- R1+ D6+ L1- ALL4+ y2 U2- R4- D2- L4+ ALL6+,23,UR3- DR2- D4+ L3- dl1- y2 L4- DR2+ UR2+ ALL2-
DragonCubing2020,22.8,c,A,1,UR1- DR4- DL1- UL1- U5+ R4- D2- L1+ ALL1- y2 U5- R0+ D2- L4- ALL3- UR DR,26,DR3- U3- D2- L1+ /3+ y2 dl4+ U5+ L2+ DL2+ /1+
DragonCubing2020,22.8,c,A,2,UR1+ DR1- DL2- UL4- U2+ R0+ D0+ L2+ ALL4- y2 U1+ R1+ D5- L3- ALL1- DR,17,DL3+ UL1+ dr2+ y2 D2+ DL3+ UR1- /1- \4+
DragonCubing2020,22.8,c,A,3,UR3- DR1+ DL2- UL3+ U2+ R0+ D1- L1- ALL1- y2 U0+ R5- D4+ L0+ ALL5+ DR,22,DR2+ U2- ur2+ /3+ ALL3- y2 dr3+ R3- DR4-
DragonCubing2020,22.8,c,A,4,UR4- DR4- DL3- UL3+ U1+ R3- D2- L3+ ALL4+ y2 U2- R3- D2- L4+ ALL1+ DR DL,27,DL3- R1- ul3- y2 dl3- dr5- U2+ L3- DL1- DR3+ /3-
DragonCubing2020,22.8,c,A,5,UR3+ DR5+ DL5- UL1- U0+ R2+ D4- L4- ALL1+ y2 U0+ R1- D0+ L2+ ALL2- DL,22,UR2- DR4+ L2- /1- \4+ y2 ul2- dr3+ D1+ DL2- DR1+
EdinburghWinter2025,22.8,d,B,1,UR5- DR3- DL0+ UL5+ U1- R2- D5+ L5- ALL3+ y2 U1- R2+ D4+ L4- ALL1+,25,UR1+ DR3- D1+ dr2+ /2+ y2 dr4+ D4+ R3- DL4+ UR1+
EdinburghWinter2025,22.8,d,B,2,UR3- DR4+ DL1- UL1- U0+ R4+ D2- L3- ALL1+ y2 U2+ R4- D4- L0+ ALL2+,23,DR5- DL4+ UL1+ U3+ ul1- \1- y2 dr2+ U2- DR4+
EdinburghWinter2025,22.8,d,B,3,UR0+ DR5+ DL1+ UL4- U1- R1+ D2+ L5- ALL1- y2 U2+ R3+ D0+ L1- ALL1-,21,UR2+ DR4+ U3+ L4- ul2- /1- y2 UL1+ UR3- /1-
EdinburghWinter2025,22.8,d,B,4,UR3- DR3- DL4+ UL2+ U2- R4+ D6+ L2+ ALL6+ y2 U0+ R2+ D3+ L2+ ALL4-,17,UR1+ DR1+ DL4+ U2+ y2 dl2- D1+ DL2- DR2- /2+
EdinburghWinter2025,22.8,d,B,5,UR4- DR4- DL5- UL4- U3- R5- D3+ L0+ ALL5+ y2 U1- R6+ D5+ L2- ALL3-,28,DR1+ DL3- U1- D4- y2 ul2+ dr5+ UL1+ DL1+ DR6+ \4+
HungarianOpen2015,22.8,2,A,1,UR6+ DR4- DL2+ UL6+ U4- R5+ D2+ L0+ ALL4- y2 U5- R1- D4+ L4+ ALL5+ UR DL UL,28,UL4+ R5+ dl3+ \3+ y2 ul1+ dl2+ R1+ U5+ DL4-
HungarianOpen2015,22.8,2,A,2,UR1- DR4- DL3+ UL0+ U1+ R1- D4- L4+ ALL1- y2 U3+ R0+ D0+ L1- ALL1- DR DL,20,DR4+ DL1+ R2+ L4+ ur4+ y2 dr1+ U3- L1+
HungarianOpen2015,22.8,2,A,3,UR4+ DR1- DL3- UL4- U4- R4- D4- L6+ ALL0+ y2 U2+ R5- D3+ L2+ ALL3+ DR DL,23,UR3+ DR2- UL1+ D2- dl2- y2 dr1+ R4- UL2- DR3- \3+
HungarianOpen2015,22.8,2,A,4,UR6+ DR1- DL5+ UL2+ U3+ R4- D4+ L2+ ALL4+ y2 U1+ R3+ D0+ L1+ ALL4- DR UL,18,DR1+ DL3+ U1+ R2- y2 dl2- dr1+ R3- UL1- /4+
HungarianOpen2015,22.8,2,A,5,UR2+ DR3- DL4- UL6+ U2+ R1+ D4- L6+ ALL3- y2 U3- R5- D3- L1+ ALL6+ DR DL,25,DL1- UL5+ U3- /1- ALL3- y2 ul1- U2+ UL1+ DL2- DR5+ /1-
IkastCubingKaos2024,22.8,1,B,1,UR0+ DR2- DL5+ UL4+ U4+ R1- D0+ L5- ALL4+ y2 U2+ R4+ D2+ L1+ ALL0+,24,UR3+ DL3- UL1- U2+ ul2- \4+ y2 dl3- R2- U1- UL1- DR2-
IkastCubingKaos2024,22.8,1,B,2,UR4+ DR5- DL3+ UL2- U4- R4- D1+ L1+ ALL4- y2 U3+ R2+ D1+ L0+ ALL2+,24,UR2+ DR3+ DL2- ur5- y2 ur2+ D1- U1- UR2- /6+
IkastCubingKaos2024,22.8,1,B,3,UR5+ DR1- DL0+ UL6+ U5- R1+ D1+ L2- ALL3- y2 U4+ R2+ D1+ L4- ALL3+,28,UR5- UL1- L3- /5- y2 D5- U2- DL4+ UR2- ALL1-
IkastCubingKaos2024,22.8,1,B,4,UR1+ DR0+ DL2- UL2- U3- R2+ D2+ L1+ ALL4+ y2 U1- R0+ D0+ L2- ALL5+,17,UR1+ UL3+ R4- ur3- y2 ul1- dl1- U1- UL2+ ALL1-
IkastCubingKaos2024,22.8,1,B,5,UR4- DR0+ DL3- UL2+ U5+ R5- D2+ L1- ALL5+ y2 U5- R1+ D4- L5- ALL3+,21,UR3- DL1+ L1+ y2 ul2+ dl2- D4+ R1- UL5+ ALL2+
JapanChampionship2018,22.8,d,B,1,UR3+ DR1+ DL4+ UL4+ U3- R1+ D3+ L0+ ALL1- y2 U6+ R5+ D3+ L1- ALL3+ UL,28,UR5- DL4+ U1+ y2 ur1- D3- R3+ L1- UL2+ UR4+ /4+
JapanChampionship2018,22.8,d,B,2,UR1- DR2+ DL0+ UL5+ U5- R2- D5+ L6+ ALL4- y2 U5- R2- D4+ L4+ ALL3- UR DR DL UL,26,DR5+ UL1+ R4- dr5+ /1- y2 dr1+ U3+ DL4- UR2+
JapanChampionship2018,22.8,d,B,3,UR4- DR1- DL0+ UL1+ U1+ R5+ D3+ L2- ALL5- y2 U1+ R2- D6+ L1- ALL2- UR DR UL,20,DL1- UL2+ D1- dr3+ ul1- y2 D4+ L2+ UL1- DR2+ /3+
JapanChampionship2018,22.8,d,B,4,UR1- DR3+ DL3+ UL5- U4+ R1- D1- L1+ ALL6+ y2 U4+ R6+ D2- L0+ ALL4- UL,21,UR1+ DR2- DL3- UL1+ L3+ ul1+ ALL2+ y2 D2+ R2- UR4-
JapanChampionship2018,22.8,d,B,5,UR1+ DR3- DL1- UL4+ U4- R5- D4+ L1- ALL3- y2 U4- R1- D2+ L0+ ALL0+ UR,19,UL2- U1+ R5- ALL2+ y2 ur1+ R1- UL2+ DL2- UR2+ /1+
KenyaNationals2024,22.8,f,B,1,UR3+ DR4- DL2- UL0+ U4+ R6+ D6+ L5+ ALL4+ y2 U1+ R5+ D5- L2- ALL2-,29,UR5- UL2- L1- \2- y2 dl2- D5+ R5- U1- L2+ \4+
KenyaNationals2024,22.8,f,B,2,UR4- DR5- DL4- UL0+ U2+ R3- D3- L3+ ALL1- y2 U0+ R4+ D4- L3- ALL2+,18,UL1+ U1+ /1+ y2 ur3- D1+ R4- DL3+ /4+
KenyaNationals2024,22.8,f,B,3,UR2- DR4+ DL0+ UL4- U5- R1- D0+ L5- ALL0+ y2 U4+ R0+ D2+ L3+ ALL6+,20,UR1- DL3- D1- ul2- /4- y2 ul1+ U3- UL1- DL2- /2+
KenyaNationals2024,22.8,f,B,4,UR1- DR2+ DL2+ UL1+ U3+ R0+ D0+ L2- ALL6+ y2 U0+ R1- D3+ L3- ALL4+,22,UR1- UL1- U1- D4- dl4- y2 ur2- D3- R1+ L3+ /2-
KenyaNationals2024,22.8,f,B,5,UR4- DR0+ DL5+ UL3+ U1+ R6+ D3- L2+ ALL5+ y2 U2+ R0+ D5- L1- ALL0+,25,DR2- L2+ ul3- y2 dl3- dr3- D4+ U2- DL1+ /5-
KoalaficationPalmy2019,22.8,c,A,1,UR6+ DR2+ DL2+ UL3+ U4- R1+ D3- L4- ALL2+ y2 U1+ R4+ D3- L5+ ALL0+ DR UL,26,UR3+ DL1- U4+ ur1+ y2 dl1- dr2+ D3+ R4- L4- UL1- \2-
KoalaficationPalmy2019,22.8,c,A,2,UR2- DR1- DL4- UL2- U2+ R6+ D5- L2- ALL3- y2 U1- R2+ D0+ L2- ALL1- DR,23,DR3- DL1+ UL2+ L5+ ul4- \2- y2 ul1+ R2- U1+ L2+
KoalaficationPalmy2019,22.8,c,A,3,UR1+ DR2+ DL4+ UL5+ U4- R1+ D3+ L0+ ALL1+ y2 U1+ R2+ D4+ L6+ ALL1- DL UL,25,UR2- DL3+ R2- y2 ul3+ dl3- D2- L5- UL1- DR2- \2-
KoalaficationPalmy2019,22.8,c,A,4,UR2- DR4+ DL3+ UL1+ U0+ R2+ D6+ L5- ALL3+ y2 U0+ R1- D0+ L1+ ALL1+ DR UL,15,DR2- UL1+ R2- D1+ /2+ y2 ul3- dr2+ R1+ L1-
KoalaficationPalmy2019,22.8,c,A,5,UR6+ DR2+ DL3+ UL6+ U5- R5+ D3+ L5- ALL0+ y2 U2+ R0+ D3- L4- ALL5+ UR DR DL UL,25,UR1- DL2+ UL6- D2+ y2 ur1+ U2- L1+ DL3+ /5- ALL2+
ManchesterJanuary2025,22.8,d,B,1,UR2- DR0+ DL1- UL5+ U5- R2- D4+ L6+ ALL1+ y2 U5- R4- D0+ L2+ ALL2+,21,UL2+ R4+ D3- dr3+ y2 dr1+ U1+ L2- UR4+ /1+
ManchesterJanuary2025,22.8,d,B,2,UR5- DR3+ DL5- UL2- U3- R4+ D1+ L5+ ALL6+ y2 U4+ R0+ D3- L1+ ALL1+,21,UR2- DL2+ D1- \3- y2 dl2+ UL4- DL3+ ALL4-
ManchesterJanuary2025,22.8,d,B,3,UR2+ DR2+ DL4+ UL1+ U0+ R6+ D3- L0+ ALL0+ y2 U5+ R3+ D1- L4- ALL1-,22,UR1- DL3- UL2- R3+ dr2+ \1+ y2 ur1- U2- L3+ DL1+ UR3-
ManchesterJanuary2025,22.8,d,B,4,UR2+ DR5+ DL2- UL0+ U2+ R2+ D0+ L5- ALL0+ y2 U4+ R5+ D2- L2+ ALL1-,28,UR4- DR3- R2- L5- ur2- y2 D2+ R3- UL2- UR2- \2- ALL1-
ManchesterJanuary2025,22.8,d,B,5,UR5+ DR5+ DL1- UL1- U5- R1+ D5- L0+ ALL5- y2 U2+ R4- D0+ L3- ALL5-,22,DL1+ UL1+ R1+ dl3+ y2 dr2- ur5- R4+ U2- L3+
MaruCubeDay2023,22.8,c,A,1,UR2- DR4- DL1+ UL4- U3+ R4+ D0+ L4+ ALL3- y2 U0+ R1+ D3- L0+ ALL2- UR DR UL,19,UR2+ U1+ D3+ L1- /4- y2 ul1- D3+ R1- ALL3+
MaruCubeDay2023,22.8,c,A,2,UR4- DR1- DL6+ UL0+ U5- R3+ D6+ L3+ ALL3+ y2 U2- R5+ D2+ L1- ALL5- UR DL UL,20,UR1+ DR1+ U4- L3+ y2 R3- U1+ UL1+ DR2- /4+
MaruCubeDay2023,22.8,c,A,3,UR2- DR4- DL2+ UL1- U0+ R6+ D4+ L5- ALL1- y2 U4+ R6+ D3- L2- ALL1- UR DR,27,DL1+ UL3+ D3- y2 dl2- dr2+ ur4+ R3+ U4- L2+ DR3+
MaruCubeDay2023,22.8,c,A,4,UR1- DR0+ DL6+ UL0+ U1+ R4- D1- L2- ALL4- y2 U2- R4+ D3+ L5+ ALL3- UR DR DL,28,DL4- R5+ D1- ur6- \1- y2 R1- U2+ L5- DR3-
MaruCubeDay2023,22.8,c,A,5,UR4- DR3+ DL2+ UL3- U5- R5+ D3- L1+ ALL3- y2 U3+ R1- D3- L0+ ALL2+,20,DR4- D2+ /3- y2 ul3- U1- UL2- DL2+ DR1+ /2+
MoorheadMadness2025,22.8,d,A,1,UR3- DR1- DL4+ UL5+ U3- R4+ D4- L0+ ALL2- y2 U1+ R1+ D3+ L1+ ALL1+,19,DL1+ UL1+ L1+ \3- y2 ul4+ dl5+ D2- DL1- UR1-
MoorheadMadness2025,22.8,d,A,2,UR0+ DR1- DL1+ UL6+ U4+ R5- D4+ L1- ALL3- y2 U0+ R3+ D5+ L5+ ALL6+,28,UR2- DR4- UL6- U2- ALL3- y2 ul1- dr2+ R3- DL5-
MoorheadMadness2025,22.8,d,A,3,UR4+ DR2- DL4- UL2- U6+ R3+ D0+ L3+ ALL0+ y2 U5+ R3+ D0+ L2+ ALL4+,24,UR4+ DR3+ DL3+ /1+ ALL5+ y2 ul1+ dr2+ UL2- UR3-
MoorheadMadness2025,22.8,d,A,4,UR5+ DR1- DL1- UL5+ U5+ R2- D1+ L4- ALL6+ y2 U4- R5- D2+ L1- ALL3+,19,UR3- DR1+ y2 ul1+ dr2- D2- U1- L1+ UR5+ ALL3+
MoorheadMadness2025,22.8,d,A,5,UR1+ DR1+ DL2+ UL6+ U0+ R4+ D2- L3+ ALL0+ y2 U2+ R3- D0+ L1+ ALL1-,24,DR1- UL5+ R5- L4- \2+ y2 R4+ UL1- UR1- ALL1-
MuffinWinter2017,22.8,d,A,1,UR1- DR5+ DL1- UL4+ U2- R2- D5- L0+ ALL2- y2 U4+ R3+ D1+ L3+ ALL4+ UR DR DL,19,UR1- DL1+ R1- L4- /3- y2 R1- UL2- DL1- UR2- \3+
MuffinWinter2017,22.8,d,A,2,UR5- DR4- DL3+ UL2- U2+ R4+ D0+ L2- ALL2+ y2 U3+ R0+ D4+ L2- ALL1+ UR DR UL,24,UR4+ DR1+ UL1+ ul3- ALL1- y2 ul3- dl1+ dr1+ D4- U3- L2+
MuffinWinter2017,22.8,d,A,3,UR0+ DR3- DL6+ UL4- U5- R2+ D3+ L2+ ALL5- y2 U5+ R1+ D1+ L3+ ALL4+ UR DL,24,DL4- U3- R1+ D2- y2 dl1+ U2- DL3- DR2+ UR3- ALL3+
MuffinWinter2017,22.8,d,A,4,UR6+ DR3+ DL2- UL2- U4- R3+ D4- L0+ ALL6+ y2 U3- R5+ D3+ L5+ ALL1+ DR,25,DL3+ UL1+ U1- /3+ y2 dr3+ D2- UL5- DR1- UR4- /2-
MuffinWinter2017,22.8,d,A,5,UR0+ DR2+ DL3+ UL4- U0+ R0+ D4- L2- ALL1- y2 U5- R0+ D0+ L0+ ALL5+ DR DL UL,22,DR2- DL1- UL4+ D2+ ALL3+ y2 ul2- U5+ ALL3-
NorthCarolinaChampionship2025,22.8,2,B,1,UR4+ DR4- DL5+ UL2+ U5- R2- D6+ L3- ALL3- y2 U2- R5- D5+ L5+ ALL3-,26,UR1- DR1- DL5- R4+ D1- L1+ dl3+ y2 R3+ DL5- UR2+
NorthCarolinaChampionship2025,22.8,2,B,2,UR5+ DR2+ DL5- UL4- U4- R2+ D2+ L5- ALL4+ y2 U1+ R2+ D1+ L0+ ALL3-,18,UR3+ D1+ L2+ \4- ALL1+ y2 dl3+ ur2- DR1- UR1-
NorthCarolinaChampionship2025,22.8,2,B,3,UR1- DR0+ DL3+ UL3+ U5- R0+ D1- L1+ ALL5- y2 U5+ R3- D1+ L4- ALL5+,25,UR3+ DL3- R2- D1+ L4- ALL2- y2 dr2+ D1- UL4+ UR3+
NorthCarolinaChampionship2025,22.8,2,B,4,UR0+ DR6+ DL4+ UL3- U1- R5- D5+ L0+ ALL3+ y2 U1+ R3- D0+ L2+ ALL5-,20,DR1- DL2- UL1+ U3+ dr2+ y2 ur1+ R1+ U1- DL2- DR2+ \4+
NorthCarolinaChampionship2025,22.8,2,B,5,UR4- DR4- DL0+ UL1- U1+ R2- D3+ L3+ ALL2+ y2 U5+ R3+ D3+ L1+ ALL1+,25,UR3- DR1+ UL2- U3- ul2- ALL1- y2 dr5- D2- U2- DL1- UR3-
OculusCubeOpen2020,22.8,f,A,1,UR6+ DR5- DL1- UL0+ U6+ R5+ D6+ L0+ ALL4- y2 U2- R3+ D1+ L5+ ALL3+ UR DR UL,27,UR1- UL1+ R5- ur1- /5+ y2 dl1+ D3- UL5+ DL2+ UR3-
OculusCubeOpen2020,22.8,f,A,2,UR2+ DR2+ DL2+ UL3- U0+ R0+ D2- L4+ ALL1+ y2 U3- R3+ D4- L0+ ALL1+ UR DL,25,UR2- DR2- UL3+ L6- ur1+ y2 ul1- D4+ R3- U3+
OculusCubeOpen2020,22.8,f,A,3,UR0+ DR2- DL2- UL5- U4+ R4+ D5+ L3- ALL2- y2 U1- R1+ D0+ L2+ ALL1+ DL,18,UR1+ DR1- R2- L2- ur2- dr2- /3- y2 R1- L3- UL1+
OculusCubeOpen2020,22.8,f,A,4,UR5+ DR1+ DL0+ UL1+ U1+ R4+ D3- L2- ALL0+ y2 U5+ R1+ D3+ L6+ ALL5+ UR DR,23,UR3+ UL1+ U1+ R1- D2+ /3+ ALL4- y2 D1- UL4- DL2- UR1-
OculusCubeOpen2020,22.8,f,A,5,UR2- DR1- DL5- UL1+ U1- R3+ D4- L4+ ALL1+ y2 U3- R2+ D1+ L0+ ALL3+ UR DR UL,21,UR2+ DR2- ur5- ul1- /2- y2 D1- R5- UR3+
PleaseBeQuietBrisbane2024,22.8,2,A,1,UR4+ DR3+ DL4- UL6+ U2- R2- D1+ L1+ ALL4+ y2 U4+ R1+ D4- L0+ ALL4+,26,UR5- UL3- \3- y2 dr2- D5+ U4- DR1- \3-
PleaseBeQuietBrisbane2024,22.8,2,A,2,UR2- DR5+ DL4- UL5- U5- R6+ D2- L3- ALL3+ y2 U2- R3+ D2+ L3+ ALL0+,21,R3+ D1+ /5+ \2- y2 R3- L3- DR2- UR2+
PleaseBeQuietBrisbane2024,22.8,2,A,3,UR5- DR1+ DL0+ UL1+ U3+ R2+ D0+ L4+ ALL4- y2 U1+ R1+ D2+ L1+ ALL1-,16,UR2+ DL1- UL1- L3- ul1+ y2 dr2+ D1- UL1- DR1- ALL3-
PleaseBeQuietBrisbane2024,22.8,2,A,4,UR5+ DR1+ DL3+ UL4+ U0+ R4- D6+ L2+ ALL4+ y2 U4+ R6+ D4- L6+ ALL3+,24,UL3+ R2- D2+ y2 dl4- UL5+ DL1+ DR3+ UR3+ ALL1+
PleaseBeQuietBrisbane2024,22.8,2,A,5,UR3+ DR1+ DL5- UL1- U5- R4+ D1+ L1- ALL1- y2 U1+ R2+ D1+ L5+ ALL4-,27,DL4+ UL3+ R4+ D1- dl3+ /3+ y2 ur2+ L5- DR1- UR1-
RiverHillFall2022,22.8,c,C,1,UR1+ DR5- DL4- UL2- U2- R2+ D4+ L1+ ALL1- y2 U0+ R3+ D3+ L3- ALL5+ DL UL,24,DR2+ DL3+ UL2+ U1+ ul3- \1+ y2 ul1- L3+ DR3- ALL5+
RiverHillFall2022,22.8,c,C,2,UR1+ DR5+ DL2+ UL3+ U3+ R5- D4+ L6+ ALL0+ y2 U1+ R4+ D1+ L4+ ALL3- UR DR,26,DL1+ U5+ R1- y2 ul3- dr1- ur2- D1- R4- U1- L4- \3-
RiverHillFall2022,22.8,c,C,3,UR4- DR0+ DL2+ UL5+ U5+ R3+ D3- L1- ALL0+ y2 U2+ R2- D4- L4- ALL4+ DR DL,23,UR1+ DL1+ UL5+ \3- ALL1+ y2 ul2- L4+ DR4+ UR2-
RiverHillFall2022,22.8,c,C,4,UR1- DR2- DL1+ UL4- U3+ R5+ D4+ L5+ ALL2+ y2 U0+ R0+ D1- L2- ALL3- UR,15,DR1- DL2- U2+ R1- \1- ALL2+ y2 L1+ DL1+ \4+
RiverHillFall2022,22.8,c,C,5,UR3+ DR1+ DL1+ UL5- U3- R2- D3- L5- ALL5+ y2 U5- R1+ D0+ L2+ ALL2- UR DR DL UL,26,UR3- DR1+ UL3- U1- /2+ y2 ul1- dl2- R1- U5+ L2- ALL5+
SensOpen2018,22.8,c,B,1,UR1- DR5+ DL3+ UL4+ U4- R0+ D6+ L6+ ALL1+ y2 U3+ R1+ D4- L3- ALL3+ UR DR UL,22,DR1- DL1- U1+ R3- ur2+ dr4+ ALL2+ y2 R1- U2- UL1- DL4+
SensOpen2018,22.8,c,B,2,UR0+ DR4- DL2- UL1+ U1+ R1+ D3+ L4+ ALL2- y2 U5- R6+ D0+ L0+ ALL1+ DR,22,DR3+ UL2- L1- \2- y2 dr2- R6+ U5+ \1+
SensOpen2018,22.8,c,B,3,UR2- DR4+ DL3+ UL3+ U0+ R0+ D3+ L5+ ALL1+ y2 U0+ R1- D0+ L5+ ALL1+ DR DL,22,UR1- DR1- DL1+ D2+ ur3- \3- y2 ul2+ R1+ L5- \3-
SensOpen2018,22.8,c,B,4,UR4- DR1+ DL6+ UL5- U2- R1+ D2+ L3+ ALL5+ y2 U4- R6+ D3- L4- ALL5- UR DR UL,27,UR2+ DL1- UL3- D4+ ur5+ \2- y2 L3+ DL1+ DR2+ UR4+
SensOpen2018,22.8,c,B,5,UR1- DR1+ DL0+ UL4- U6+ R1+ D3- L3+ ALL1- y2 U3- R6+ D3- L1- ALL4+ DR,21,UR1- DL1+ D1+ dr5+ ul1+ ALL3+ y2 L1+ DR3+ UR3+ /2+
SideEventsBangaloreJune2024,22.8,e,B,1,UR4+ DR5- DL5+ UL2- U1- R3+ D0+ L5+ ALL6+ y2 U1+ R5- D2- L4- ALL3+,26,UR2- UL1+ L3+ ul5- y2 dl1+ R3+ L5+ UL1- DR2+ /3-
SideEventsBangaloreJune2024,22.8,e,B,2,UR2+ DR2- DL6+ UL6+ U3+ R1- D3- L1- ALL1+ y2 U1- R1- D4+ L4+ ALL5-,20,UR1+ D1- L1+ y2 ul2- dl3- dr1+ DL4- UR1+ /4- \2-
SideEventsBangaloreJune2024,22.8,e,B,3,UR6+ DR4- DL5- UL2- U3- R5- D5+ L4- ALL3- y2 U1+ R0+ D2- L1+ ALL5+,18,DR3+ UL1- D1+ y2 L2- UL1- DL2+ /5+ \3+
SideEventsBangaloreJune2024,22.8,e,B,4,UR4+ DR5+ DL2+ UL5- U1- R4+ D5- L1- ALL1- y2 U6+ R1- D6+ L2+ ALL1+,24,DR1- UL4+ U2- D1- /2- y2 ul2- U1+ UL4+ DL6+ UR1+
SideEventsBangaloreJune2024,22.8,e,B,5,UR1- DR3- DL5- UL3+ U3- R4+ D1+ L1+ ALL1+ y2 U5+ R1+ D1+ L1- ALL4+,26,UL1+ D5- ur5- dl1- y2 D1- R4+ L1+ UR5- \3+
SnoCoFavorites2022,22.8,c,A,1,UR4+ DR6+ DL1+ UL5- U4- R3+ D4- L4- ALL0+ y2 U6+ R3- D3- L4+ ALL3- DL UL,24,DR1- DL1- UL3- U4- D1- /2+ ALL1- y2 R1+ L1+ UL4+ DL3+ UR2+
SnoCoFavorites2022,22.8,c,A,2,UR2- DR3- DL3+ UL5+ U6+ R3- D2- L4+ ALL6+ y2 U1- R1+ D2+ L4+ ALL0+ UL,26,UR3+ DR5+ D3- /5+ y2 ul2- ur1+ R1- U1+ L2- DL2- /1-
SnoCoFavorites2022,22.8,c,A,3,UR6+ DR1+ DL3- UL1- U2- R0+ D1+ L2- ALL4+ y2 U2+ R2+ D0+ L2+ ALL1+ DL UL,23,UR5+ DL2+ UL4+ D1- ul2- y2 ul1+ dr1- R2- UL2- \3-
SnoCoFavorites2022,22.8,c,A,4,UR3+ DR6+ DL3- UL3- U2- R5- D2- L1+ ALL3- y2 U5- R3+ D5+ L2- ALL1- UR DL,26,UR1- DR3- DL2+ UL3+ ur2+ ul3+ ALL2+ y2 D2- U3+ UL2+ DR3-
SnoCoFavorites2022,22.8,c,A,5,UR2- DR2+ DL1+ UL0+ U1- R2- D2- L1- ALL4+ y2 U1+ R3- D2- L3+ ALL3+ DR DL UL,15,UR3+ DR1- ur1- y2 dr1- R2+ L3- DR2+ UR1- \1-
SwisscubingCupMentalBreakdow2024,22.8,c,A,1,UR5+ DR4- DL2+ UL2+ U6+ R2+ D2+ L4+ ALL5- y2 U2+ R5- D2- L2- ALL0+,25,UR3- UL2+ L2+ /4- ALL1+ y2 R5- UL2+ DR2+ UR4-
SwisscubingCupMentalBreakdow2024,22.8,c,A,2,UR3+ DR5+ DL6+ UL0+ U3+ R1+ D5+ L0+ ALL3+ y2 U5- R5- D3+ L1+ ALL4+,30,UR1+ DR2+ DL6- U5+ dr2- ul1- /1- y2 dr2- R2+ UL2+ DL3- UR3+
SwisscubingCupMentalBreakdow2024,22.8,c,A,3,UR3+ DR1+ DL3- UL4- U2+ R1- D1- L3+ ALL5+ y2 U6+ R2- D3+ L4- ALL0+,28,UR1- DL3+ R2- L1+ dl2- ul4- y2 dl1- D3- UL4+ UR2+ \5-
SwisscubingCupMentalBreakdow2024,22.8,c,A,4,UR0+ DR2- DL1+ UL5+ U5+ R2+ D2+ L5+ ALL1+ y2 U2+ R1+ D1- L2+ ALL4-,17,DL1- UL2+ ALL4+ y2 R1+ L3- DL1+ UR2- \3+
SwisscubingCupMentalBreakdow2024,22.8,c,A,5,UR2- DR6+ DL5+ UL5+ U3- R4- D1+ L2+ ALL2- y2 U2+ R4- D5- L0+ ALL5+,14,dl1- /5+ y2 ul1- U1- UL1- DL1+ DR4+
SwisscubingCupV2025,22.8,d,B,1,UR0+ DR5+ DL3- UL4+ U3- R4- D0+ L1- ALL0+ y2 U5+ R0+ D0+ L2- ALL0+,19,UR1- DR2- R2+ /3+ y2 dl1- U5+ UL2+ /3+
SwisscubingCupV2025,22.8,d,B,2,UR2+ DR5+ DL1+ UL2- U2- R0+ D5+ L2+ ALL1+ y2 U5+ R2+ D5- L1- ALL0+,25,UR5+ DL1- U3- D2+ dl2- ALL1- y2 L1- UL3- DL5+ UR2-
SwisscubingCupV2025,22.8,d,B,3,UR3- DR5+ DL0+ UL1+ U1+ R4- D1+ L3+ ALL1+ y2 U5+ R3+ D2- L2- ALL3+,26,UR5+ DR3- UL4- D3- y2 dr2- U2- DL2+ UR3- ALL2-
SwisscubingCupV2025,22.8,d,B,4,UR4- DR3- DL2- UL3+ U5- R0+ D6+ L1- ALL2+ y2 U4- R6+ D4+ L1+ ALL1+,24,UR5- DL1+ UL1- D2- ur1- y2 R5+ UL3+ DL4- UR1+ \1-
SwisscubingCupV2025,22.8,d,B,5,UR1- DR5+ DL5+ UL5+ U1+ R5- D6+ L1- ALL2- y2 U1+ R0+ D2+ L3+ ALL1-,20,DL4- UL5- R1+ ul5- y2 ul1- UL1- DL2- ALL1-
TakeYourTimeSydney2024,22.8,d,D,1,UR4- DR1- DL2- UL3+ U6+ R1+ D2+ L0+ ALL4+ y2 U1+ R5+ D1+ L3+ ALL2+,25,UR3+ DR1+ U4+ L1- ur2- ALL2- y2 dl3- D1- R5- L2- UL1-
TakeYourTimeSydney2024,22.8,d,D,2,UR2+ DR1+ DL6+ UL3+ U3+ R5+ D1+ L0+ ALL3- y2 U1- R3- D1+ L4+ ALL1+,22,UR4+ DL3+ D1+ ul2+ \4- y2 ul1- L1- UL2- DL1- UR3+
TakeYourTimeSydney2024,22.8,d,D,3,UR4+ DR3- DL6+ UL3+ U5- R4- D3+ L4- ALL6+ y2 U1+ R1+ D2- L3+ ALL0+,25,DR3+ UL2- D3+ L3- dl1- \6- y2 dl1- D2+ R1- L2- UL1-
TakeYourTimeSydney2024,22.8,d,D,4,UR3+ DR1- DL3+ UL3- U2+ R2- D4- L1+ ALL1+ y2 U6+ R5+ D3- L1+ ALL4-,19,DL1+ UL2- D1+ y2 ur1+ D3+ UL1- UR5- /4- ALL1+
TakeYourTimeSydney2024,22.8,d,D,5,UR0+ DR4- DL3- UL1- U5- R4+ D5+ L4- ALL2- y2 U2- R1- D2- L1+ ALL1-,23,DL2+ UL6- dr4+ ul2- y2 D4+ UL1+ DL2- UR1+ /1+
TallinnSpring2025,22.8,c,A,1,UR3+ DR5- DL1- UL5+ U4- R2- D2- L4- ALL1- y2 U3+ R0+ D0+ L1+ ALL2-,19,UR4- DR4- dr4+ ul2+ /1+ y2 ul1+ U2- UL1-
TallinnSpring2025,22.8,c,A,2,UR1+ DR6+ DL4- UL2- U1- R5+ D6+ L1+ ALL2+ y2 U4- R0+ D2+ L1+ ALL0+,21,DL4+ UL2+ L1- ul5- ALL2- y2 dr1- D1- U4+ DL1-
TallinnSpring2025,22.8,c,A,3,UR2+ DR4- DL5- UL6+ U2- R1- D6+ L2+ ALL2- y2 U3+ R4+ D5+ L2+ ALL3-,25,DL3+ UL6- R3+ ul2- y2 dr1- R1- U3- DL2- DR3- /1-
TallinnSpring2025,22.8,c,A,4,UR4+ DR1- DL1- UL1- U5- R4+ D0+ L1+ ALL6+ y2 U1+ R2- D5- L5- ALL2-,22,UR2+ DR3+ D1- L1+ y2 dr2+ L3+ DL2+ DR3+ UR1- /4+
TallinnSpring2025,22.8,c,A,5,UR2- DR4- DL1- UL1- U6+ R2- D6+ L0+ ALL5+ y2 U2+ R4- D4+ L0+ ALL2+,27,UR3- DR1- L2+ ul5- y2 dl1- dr4- R2- DR4- UR2- /3-
TroisRivieres2024,22.8,d,B,1,UR2- DR3- DL2+ UL5+ U4+ R6+ D3+ L5+ ALL4- y2 U3+ R0+ D2+ L6+ ALL5-,22,UR1- DL2- UL6- L4- /1- ALL2- y2 L1- UL3- DL2-
TroisRivieres2024,22.8,d,B,2,UR1- DR1+ DL6+ UL3- U5- R5+ D2- L3- ALL1+ y2 U5+ R5+ D2+ L2- ALL4-,25,UR3- DR2- D3- \3- y2 ur1+ U2- L2+ DR2- UR3- /1+ ALL3-
TroisRivieres2024,22.8,d,B,3,UR3- DR2+ DL5+ UL3- U6+ R3+ D1- L2- ALL4+ y2 U2- R2+ D2+ L3- ALL1-,21,DR2- D4- \5- y2 dl3+ L1+ UL2+ DR2- ALL2-
TroisRivieres2024,22.8,d,B,4,UR1- DR2- DL1- UL5+ U0+ R6+ D4+ L4- ALL4- y2 U0+ R2- D5- L3+ ALL3-,22,DR1- U4- R2- dr5+ \1- y2 D4- R2+ DL3-
TroisRivieres2024,22.8,d,B,5,UR4- DR2- DL2- UL2+ U2- R4- D0+ L2- ALL3+ y2 U4+ R3+ D1+ L1- ALL0+,24,UR4+ DR6- D2- L2+ /1+ y2 U3- DL1+ DR2- UR1- \2-
TrondheimSommerkubing2025,22.8,1,B,1,UR6+ DR0+ DL5- UL1- U4+ R6+ D4- L5+ ALL1- y2 U6+ R6+ D4+ L2- ALL0+,24,UL1+ U2+ D3- dl2+ y2 dr3- R2- U4+ UL2+ DR4- /1+
TrondheimSommerkubing2025,22.8,1,B,2,UR1- DR2+ DL3+ UL6+ U4+ R6+ D1- L3+ ALL5- y2 U6+ R4- D0+ L1- ALL4-,24,UR3+ R2+ D4- ur3+ ALL3+ y2 L1- UL2+ UR4+ \2-
TrondheimSommerkubing2025,22.8,1,B,3,UR1+ DR1+ DL3+ UL4- U2+ R3- D4- L1- ALL4+ y2 U4+ R3+ D4- L0+ ALL3+,19,UR1+ UL2+ U2- y2 ul3- dr2- D4+ U1- UR3- \1-
TrondheimSommerkubing2025,22.8,1,B,4,UR3- DR1+ DL3- UL4+ U4+ R4- D0+ L3- ALL1- y2 U2- R0+ D0+ L3- ALL4-,20,UR5- DL2+ R1- ur3- y2 dl3- L1+ UL2+ /2- \1-
TrondheimSommerkubing2025,22.8,1,B,5,UR5+ DR2- DL3+ UL5+ U1+ R0+ D5- L4+ ALL5- y2 U0+ R3+ D4+ L2- ALL2+,27,DR1+ U1+ R4- D3+ \5+ y2 ul1- dl5- L3+ DL1- DR3-
VilniusSpringOpen2025,22.8,d,B,1,UR5- DR1+ DL3- UL2- U3- R4+ D0+ L0+ ALL6+ y2 U1- R1+ D0+ L4+ ALL0+,26,U2- D2+ L5+ ul2+ \5- y2 ul2- U2+ L4- UR1- \1+
VilniusSpringOpen2025,22.8,d,B,2,UR5- DR1+ DL2+ UL4- U4- R1+ D2- L3+ ALL2+ y2 U1+ R6+ D1+ L6+ ALL2+,24,UR1+ DL1- R2+ dr3+ ul1+ y2 dr2- D2- UL6+ DR1+ UR5+
VilniusSpringOpen2025,22.8,d,B,3,UR3- DR6+ DL1- UL4- U4- R3- D5- L5+ ALL1- y2 U5+ R3+ D6+ L2+ ALL1+,19,U1- /1- y2 ur5+ D6+ UL2- UR3- /1+
VilniusSpringOpen2025,22.8,d,B,4,UR2+ DR1+ DL1+ UL2- U5- R4- D1- L0+ ALL3- y2 U3+ R1+ D1- L4- ALL4-,24,UR1+ DL1- UL2+ U2+ dl6- /1+ y2 dl1+ D1+ R1- L5- UL3-
VilniusSpringOpen2025,22.8,d,B,5,UR0+ DR5+ DL5- UL3- U2+ R5+ D4+ L1+ ALL5- y2 U0+ R1+ D4+ L5- ALL5-,21,DR3+ DL5+ UL2+ U1- R1- y2 dl1+ R1- L3- DL4-
WuhanAutumn2019,22.8,c,A,1,UR3- DR0+ DL2- UL0+ U1- R5- D1- L1+ ALL2+ y2 U5- R0+ D1- L3- ALL0+ UR UL,20,UR5+ DR1+ DL2+ UL1- R2+ y2 dl1+ U3+ UL2+ DL1+ ALL2+
WuhanAutumn2019,22.8,c,A,2,UR2- DR2+ DL4- UL1+ U5+ R1- D2+ L3+ ALL4+ y2 U3+ R4+ D4+ L5+ ALL1+ UR DR DL UL,23,UR3- U1- R4+ /2+ y2 dl1+ U2+ UL5- DR4- ALL1+
WuhanAutumn2019,22.8,c,A,3,UR1+ DR5- DL0+ UL2- U2+ R5+ D0+ L3+ ALL2- y2 U4+ R3+ D3- L0+ ALL5+ UR DL UL,25,DR5+ UL1- R6- y2 dr1- D3+ U1- UR3- ALL5+
WuhanAutumn2019,22.8,c,A,4,UR5+ DR1+ DL0+ UL1- U6+ R4- D4- L4+ ALL4+ y2 U5- R5- D6+ L1- ALL4+ DL UL,30,UR2- UL4+ D3+ L5+ dl3+ y2 dl2+ D5+ DL1+ UR5+
WuhanAutumn2019,22.8,c,A,5,UR2- DR1+ DL1- UL3+ U3- R3+ D0+ L2- ALL2- y2 U2+ R0+ D5- L0+ ALL2- DR DL,16,U2+ R2- dr3+ y2 ul1+ ur1+ D3+ UL2- DL2+
